segment_id,start_time_sec,end_time_sec,transcription,topic_tag,reading,filename
16,82.797415,86.361169,とにかくねかっこいいですからリンクの最後の切り札は,アイテム,とにかくねかっこいーですからりんくのさいごのきりふだわ,FF3output_id16_delay-1.5.mp4
14,99.664974,107.197792,Wii Fit トレーナーが結構こういった剣みたいなまこれの前はファイヤーバーですけど取っていくってのは結構実は大事なことで,アイテム,うぃーふぃっととれーなーがけっこーこーいったけんみたいなまこれのまえわふぁいやーばーですけどとっていくってのわけっこーじつわだいじなことで,MF22output_id14_delay-1.5.mp4
12,46.728309,52.363235,ドンキーコングが手堅い動きに動きをしてダメージを稼いで行きますこれは,対戦風景,どんきーこんぐがてがたいうごきにうごきをしてだめーじをかせいでいきますこれわ,MM4output_id12_delay-1.25.mp4
16,115.571807,119.880686,ここでうまく結構時間ももう30秒近いので,対戦風景,ここでうまくけっこーじかんももーさんじゅーびょーちかいので,MF24output_id16_delay-1.25.mp4
26,173.250146,183.224497,でちゃんとアイテムを活かしつつクラウドにやっぱり剣であまり攻撃されないようにちゃんと距離を取りながら相手を牽制するっていう戦い方が上手く出来ていましたし,対戦風景,でちゃんとあいてむをいかしつつくらうどにやっぱりけんであまりこーげきされないよーにちゃんときょりをとりながらあいてをけんせーするってゆーたたかいかたがうまくできていましたし,MF23output_id26_delay-1.0.mp4
32,161.271011,163.592934,ゲッコウガが乗り切りましたね,対戦風景,げっこーががのりきりましたね,FF2output_id32_delay-1.0.mp4
6,27.788585,33.960481,教授ですね教授出しました数字で攻撃する教授を出しましたさあこれモンスターボールが出てるモンスターボール取りたいところ,アイテム,きょーじゅですねきょーじゅだしましたすーじでこーげきするきょーじゅをだしましたさーこれもんすたーぼーるがでてるもんすたーぼーるとりたいところ,MM3output_id6_delay-0.75.mp4
33,131.796941,136.503446,爆弾爆発しましたおどっちもダメージが増えてきましたまたファイアバー,アイテム,ばくだんばくはつしましたおどっちもだめーじがふえてきましたまたふぁいあばー,FF1output_id33_delay-0.75.mp4
31,160.522552,162.739792,これ圧勝じゃないすかね Wii Fit トレーナーの,対戦結果,これあっしょーじゃないすかねうぃーふぃっととれーなーの,FF4output_id31_delay-0.5.mp4
12,61.471581,65.039065,いいですねもうスマッシュブラザーズはやっぱ常にガチでやってこそですよはい,対戦風景,いーですねもーすまっしゅぶらざーずわやっぱつねにがちでやってこそですよはい,FF4output_id12_delay-0.5.mp4
20,136.390721,139.655253,アシストフィギュアはあーピカチュウがやられてしまいましたね,対戦風景,あしすとふぃぎゅあわあーぴかちゅーがやられてしまいましたね,MF21output_id20_delay0.0.mp4
8,50.775246,55.402131,プレイヤー1が今アシストフィギュア2体出してますからねアシストフィギュアとポケモンのロコンですね,アイテム,ぷれーやーわんがいまあしすとふぃぎゅあにたいだしてますからねあしすとふぃぎゅあとぽけもんのろこんですね,MM2output_id8_delay0.0.mp4
6,52.644131,56.60909,そこでうまくクラウドがあー吹っ飛ばされてしまいましたね,対戦風景,そこでうまくくらうどがあーふっとばされてしまいましたね,MF23output_id6_delay0.5.mp4
5,31.893603,35.925849,プレイヤー1がですね今ちょっとプレイヤー2をかなり,対戦風景,ぷれーやーわんがですねいまちょっとぷれーやーつーをかなり,MM2output_id5_delay0.5.mp4
40,155.729076,158.874146,これはサドンデスになるんじゃないでしょうか,対戦風景,これわさどんですになるんじゃないでしょーか,FF1output_id40_delay0.75.mp4
29,153.217235,159.134878,運が良かったですねハートの器を取ったのがですねやっぱり勝敗を分けましたね,アイテム,うんがよかったですねはーとのうつわをとったのがですねやっぱりしょーはいをわけましたね,MM4output_id29_delay0.75.mp4
19,102.373748,109.275349,おっと回避も上手く使いながらさあここでサムスが一本取り返しましたが,対戦風景,おっとかいひもうまくつかいながらさーここでさむすがいっぽんとりかえしましたが,MM1output_id19_delay1.0.mp4
20,109.497981,115.720426,ダメージが70%たまっているのですぐ撃墜におっと言っている側から撃墜になってしまったこれはクッパ有利ですね,対戦風景,だめーじがななじゅっぱーせんとたまっているのですぐげきついにおっとゆっているそばからげきついになってしまったこれわくっぱゆーりですね,MM1output_id20_delay1.0.mp4
20,141.467742,148.485668,なのでその特性をうまく活かされてちゃんと地上に降りられるところまで時間を稼がれてしまったというのが非常に痛かったですね,対戦風景,なのでそのとくせーをうまくいかされてちゃんとちじょーにおりられるところまでじかんをかせがれてしまったとゆーのがひじょーにいたかったですね,MF24output_id20_delay1.25.mp4
23,154.328093,155.855051,おっとも時間がないですよ,対戦風景,おっともじかんがないですよ,MF21output_id23_delay1.25.mp4
17,120.733929,124.872159,うまくここであでもデイジーあー時間を稼がれてしまいましたね,対戦風景,うまくここであでもでいじーあーじかんをかせがれてしまいましたね,MF24output_id17_delay1.5.mp4
18,91.212874,96.778829,とにかくカービィが今フィギュアを出しまくっているというねそういう形になってます,対戦風景,とにかくかーびーがいまふぃぎゅあをだしまくっているとゆーねそーゆーかたちになってます,MF13output_id18_delay1.5.mp4
6,28.82538,31.618893,当たるとでかいのでどんどんタイミングおっと,対戦風景,あたるとでかいのでどんどんたいみんぐおっと,MF12output_id6_delay1.75.mp4
11,47.843202,51.983842,そこで撃墜し返したところですね今ねいちいちですね試合は,対戦風景,そこでげきついしかえしたところですねいまねいちいちですねしあいわ,FF1output_id11_delay1.75.mp4
3,20.503528,33.563384,村人も空中の攻撃やもしくは今出ましたね埴輪の攻撃などで遠距離攻撃は結構できたりもするのでうまくそれを活かしつつダメージを稼いで行けたら戦況が有利に運びやすいですね,ファイター,むらびともくーちゅーのこーげきやもしくわいまでましたねはにわのこーげきなどでえんきょりこーげきわけっこーできたりもするのでうまくそれをいかしつつだめーじをかせいでいけたらせんきょーがゆーりにはこびやすいですね,MF22output_id3_delay-1.5.mp4
2,6.422896,17.250063,これねピカチュウは尻尾の形でオスかメスか判別することができるんですけどこのマスクドピカチュウはねハートみたいな形になってるんで尻尾がですねこれメスですねはい,ファイター,これねぴかちゅーわしっぽのかたちでおすかめすかはんべつすることができるんですけどこのますくどぴかちゅーわねはーとみたいなかたちになってるんでしっぽがですねこれめすですねはい,MM2output_id2_delay-1.5.mp4
24,130.957394,135.957919,でもなんか台の上に乗ったからすぐ帰ったと思ったら帰らなかったですね,対戦風景,でもなんかだいのうえにのったからすぐかえったとおもったらかえらなかったですね,FF3output_id24_delay-1.25.mp4
20,102.588222,110.701749,ギリギリでブーメランを打ってしまった回転斬りで戻って来たかったところなんですけどもやっぱりあれですねなかなか慣れないキャラクター使うと復帰が難しいですから,対戦風景,ぎりぎりでぶーめらんをうってしまったかいてんぎりでもどってきたかったところなんですけどもやっぱりあれですねなかなかなれないきゃらくたーつかうとふっきがむずかしーですから,FF3output_id20_delay-1.25.mp4
34,136.784653,139.729918,好きだなファイヤーバーまた取ったなデイジーはい,アイテム,すきだなふぁいやーばーまたとったなでいじーはい,FF1output_id34_delay-1.0.mp4
10,67.238818,71.416014,これでもしソニックがあー入っちゃいましたね,対戦風景,これでもしそにっくがあーはいっちゃいましたね,MF21output_id10_delay-1.0.mp4
16,88.137323,93.00225,さ延髄斬りが横スマッシュの延髄斬りがヒットしたところで,対戦風景,さえんずいぎりがよこすまっしゅのえんずいぎりがひっとしたところで,MM3output_id16_delay-0.75.mp4
9,50.218158,53.891188,と言っていたら上から踏んづけてパンチ食らってましたけどね,対戦風景,とゆっていたらうえからふんづけてぱんちくらってましたけどね,MM3output_id9_delay-0.75.mp4
26,142.482484,148.37086,あんまりそのシールドを使わないのでシールドをうまく使って相手の隙に大技を叩き込むという動きが,ファイター,あんまりそのしーるどをつかわないのでしーるどをうまくつかってあいてのすきにおーわざをたたきこむとゆーうごきが,MF12output_id26_delay-0.5.mp4
10,67.238818,71.416014,これでもしソニックがあー入っちゃいましたね,対戦風景,これでもしそにっくがあーはいっちゃいましたね,MF21output_id10_delay-0.5.mp4
19,102.373748,109.275349,おっと回避も上手く使いながらさあここでサムスが一本取り返しましたが,対戦風景,おっとかいひもうまくつかいながらさーここでさむすがいっぽんとりかえしましたが,MM1output_id19_delay0.0.mp4
9,69.572649,75.349719,ここで距離を詰められずにどうやって牽制できるかっていうのがピットの上手い戦い方になると思いますね,ファイター,ここできょりをつめられずにどーやってけんせーできるかってゆーのがぴっとのうまいたたかいかたになるとおもいますね,MF23output_id9_delay0.0.mp4
4,17.205383,22.357492,さあさあさあさあさあなかなかね今回もあのゲームスピードが速いですから,対戦風景,さーさーさーさーさーなかなかねこんかいもあのげーむすぴーどがはやいですから,MM1output_id4_delay0.5.mp4
19,140.493738,147.367882,かといって今の 1P のはにわに乗っかった攻撃みたいに闇雲に突撃するとそれはそれでまた,対戦風景,かといっていまのいちぴーのはにわにのっかったこーげきみたいにやみくもにとつげきするとそれわそれでまた,MF22output_id19_delay0.5.mp4
28,180.09332,186.938305,いやでもピカチュウは結構アイテムを活かしつつ有利に戦況を運べていたので非常に良かったと思いますね,対戦結果,いやでもぴかちゅーわけっこーあいてむをいかしつつゆーりにせんきょーをはこべていたのでひじょーによかったとおもいますね,MF21output_id28_delay0.75.mp4
29,150.544968,153.799764,使わない使わない方式最後の切り札を,対戦風景,つかわないつかわないほーしきさいごのきりふだを,FF4output_id29_delay0.75.mp4
22,156.13577,160.720254,クラウドにとって不利な戦いになってしまいましたね,対戦風景,くらうどにとってふりなたたかいになってしまいましたね,MF23output_id22_delay1.0.mp4
14,88.203061,95.382556,どんどんルイージを攻撃していますねそうこのマントはですね当てるとあの飛び道具を跳ね返す,ファイター,どんどんるいーじをこーげきしていますねそーこのまんとわですねあてるとあのとびどーぐをはねかえす,MF11output_id14_delay1.0.mp4
7,57.337032,64.058877,やっぱりクラウドはこんそうですねうまくどうやって近づくかっていうのがやっぱり肝だったりもするんですけど,対戦風景,やっぱりくらうどわこんそーですねうまくどーやってちかづくかってゆーのがやっぱりきもだったりもするんですけど,MF23output_id7_delay1.25.mp4
14,88.203061,95.382556,どんどんルイージを攻撃していますねそうこのマントはですね当てるとあの飛び道具を跳ね返す,ファイター,どんどんるいーじをこーげきしていますねそーこのまんとわですねあてるとあのとびどーぐをはねかえす,MF11output_id14_delay1.25.mp4
12,61.471581,65.039065,いいですねもうスマッシュブラザーズはやっぱ常にガチでやってこそですよはい,対戦風景,いーですねもーすまっしゅぶらざーずわやっぱつねにがちでやってこそですよはい,FF4output_id12_delay1.5.mp4
22,146.236969,153.713799,ましてや撃墜ができるキャラクターでもちゃんとあるのでピカチュウはあでもちょうどいいタイミングでアシストフィギュアが消えてくれました,アシストフィギュア,ましてやげきついができるきゃらくたーでもちゃんとあるのでぴかちゅーわあでもちょうどいーたいみんぐであしすとふぃぎゅあがきえてくれました,MF21output_id22_delay1.5.mp4
26,154.172567,156.257321,おっこれはサドンデスになりますね,対戦風景,おっこれわさどんですになりますね,MM1output_id26_delay1.75.mp4
24,156.831481,162.680142,マリオが最後にギリギリ撃墜されてない,対戦風景,まりおがさいごにぎりぎりげきついされてない,MF11output_id24_delay1.75.mp4
32,164.686985,169.235171,いいですね決めたも何のポーズか分からないけど完全に決めた,対戦結果,いーですねきめたもなんのぽーずかわからないけどかんぜんにきめた,FF4output_id32_delay-1.5.mp4
16,88.137323,93.00225,さ延髄斬りが横スマッシュの延髄斬りがヒットしたところで,対戦風景,さえんずいぎりがよこすまっしゅのえんずいぎりがひっとしたところで,MM3output_id16_delay-1.5.mp4
23,134.211977,137.190638,さあさあさあ上手くね戻ってきますねガオガエン,対戦風景,さーさーさーうまくねもどってきますねがおがえん,MM3output_id23_delay-1.25.mp4
13,89.967679,96.093064,ソニック最初は優勢だったんですけどねアイテムの影響とかでちょっと今不利ですね,対戦風景,そにっくさいしょわゆーせーだったんですけどねあいてむのえーきょーとかでちょっといまふりですね,MF21output_id13_delay-1.25.mp4
25,124.941596,129.696011,これはどうですかねゲッコウガがおしてますかねこの試合は,対戦風景,これわどーですかねげっこーががおしてますかねこのしあいわ,FF2output_id25_delay-1.0.mp4
4,25.787766,29.943825,2 P の方がですねマリオを使っていますね,ファイター,つーぴーのほーがですねまりおをつかっていますね,MF11output_id4_delay-1.0.mp4
21,115.76943,120.993145,リンクはリンクの上スマッシュでドンキーコングが吹っ飛んでしまった,対戦風景,りんくわりんくのうえすまっしゅでどんきーこんぐがふっとんでしまった,MF12output_id21_delay-0.75.mp4
30,157.128793,160.052483,さあさあさあさあこれはどっちが勝ったのかな,対戦結果,さーさーさーさーこれわどっちがかったのかな,MF13output_id30_delay-0.75.mp4
29,150.544968,153.799764,使わない使わない方式最後の切り札を,対戦風景,つかわないつかわないほーしきさいごのきりふだを,FF4output_id29_delay-0.5.mp4
33,169.683462,174.123719,上 B が炸裂でカービィの勝利ですねいい試合でした,対戦結果,うえびーがさくれつでかーびーのしょーりですねいーしあいでした,MF13output_id33_delay-0.5.mp4
9,61.934026,67.371918,うまくヒットしましたねただパーセンテージが低いからあーでもちゃんとバーストしましたね,対戦風景,うまくひっとしましたねただぱーせんてーじがひくいからあーでもちゃんとばーすとしましたね,MF22output_id9_delay0.0.mp4
30,165.21887,170.130822,ピカチュウ慎重に動いて撃墜狙いたいところですおおっとリドリーの,対戦風景,ぴかちゅーしんちょーにうごいてげきついねらいたいところですおーっとりどりーの,MM2output_id30_delay0.0.mp4
18,96.199574,104.763298,惜しいですねリドリーが戻ってこれなくて連続で撃墜になってしまいますそしてただピカチュウをまたワンパンでここで撃墜したこれはいい戦いですね,対戦風景,おしーですねりどりーがもどってこれなくてれんぞくでげきついになってしまいますそしてただぴかちゅーをまたわんぱんでここでげきついしたこれわいーたたかいですね,MM2output_id18_delay0.5.mp4
22,146.236969,153.713799,ましてや撃墜ができるキャラクターでもちゃんとあるのでピカチュウはあでもちょうどいいタイミングでアシストフィギュアが消えてくれました,アシストフィギュア,ましてやげきついができるきゃらくたーでもちゃんとあるのでぴかちゅーわあでもちょうどいーたいみんぐであしすとふぃぎゅあがきえてくれました,MF21output_id22_delay0.5.mp4
29,160.1206,163.496962,サドンデスですさあこれはリンクも,対戦風景,さどんですですさーこれわりんくも,MF12output_id29_delay0.75.mp4
28,150.158073,156.97704,そんなところでこれは今ピカチュウが1ポイント押しているんじゃないでしょうかこれで,対戦風景,そんなところでこれわいまぴかちゅーがいっぽいんとおしているんじゃないでしょーかこれで,MM2output_id28_delay0.75.mp4
17,129.573638,132.965537,ただこれでイーブンかな,対戦風景,ただこれでいーぶんかな,MF23output_id17_delay1.0.mp4
19,97.47501,101.996611,あの矢が当たらないとね続きの攻撃でないんですよもったいなそしてリンクが,対戦風景,あのやがあたらないとねつづきのこーげきでないんですよもったいなそしてりんくが,FF3output_id19_delay1.0.mp4
13,66.515806,70.350889,クッパがですね今ダメージを稼いでいってますけれども,対戦風景,くっぱがですねいまだめーじをかせいでいってますけれども,MM1output_id13_delay1.25.mp4
13,89.967679,96.093064,ソニック最初は優勢だったんですけどねアイテムの影響とかでちょっと今不利ですね,対戦風景,そにっくさいしょわゆーせーだったんですけどねあいてむのえーきょーとかでちょっといまふりですね,MF21output_id13_delay1.25.mp4
10,39.960662,42.713603,どうにかドンキーコングは逆転したいところですね,対戦風景,どーにかどんきーこんぐわぎゃくてんしたいところですね,MM4output_id10_delay1.5.mp4
35,140.22573,142.763986,降りてくるところを狙ってますねはい,対戦風景,おりてくるところをねらってますねはい,FF1output_id35_delay1.5.mp4
13,102.453191,105.759509,さてここでマリオがスマッシュボールを取りました,アイテム,さてここでまりおがすまっしゅぼーるをとりました,MF24output_id13_delay1.75.mp4
28,152.354004,156.072704,今回ですあー残りこれフォックス勝利かな,対戦結果,こんかいですあーのこりこれふぉっくすしょーりかな,FF3output_id28_delay1.75.mp4
29,153.217235,159.134878,運が良かったですねハートの器を取ったのがですねやっぱり勝敗を分けましたね,アイテム,うんがよかったですねはーとのうつわをとったのがですねやっぱりしょーはいをわけましたね,MM4output_id29_delay-1.5.mp4
15,77.735774,82.819212,さあダメージが溜まっているクッパをサムスがおここで撃墜して行きたいところですがクッパも,対戦風景,さーだめーじがたまっているくっぱをさむすがおここでげきついしていきたいところですがくっぱも,MM1output_id15_delay-1.5.mp4
10,49.368711,52.527171,さあパンチが避けられました,対戦風景,さーぱんちがよけられました,MM1output_id10_delay-1.25.mp4
43,163.010838,167.13273,これね野菜を投げつけたいところですが投げつけるのにも隙がありますからね,アイテム,これねやさいをなげつけたいところですがなげつけるのにもすきがありますからね,FF1output_id43_delay-1.25.mp4
24,118.449688,124.372962,これビーム撃ったりなんかたしか雷鳴り出したりするんじゃなかったかなあそれはカプセルに入っている方か,アイテム,これびーむうったりなんかたしかかみなりだしたりするんじゃなかったかなあそれわかぷせるにはいっているほーか,FF2output_id24_delay-1.0.mp4
16,93.904883,102.212929,最後の切り札を持っているメタナイト当てて行きたいところさあ空中のパックマンにうまく当てて行った空中技をしていたから回避できなかったですね,アイテム,さいごのきりふだをもっているめたないとあてていきたいところさーくーちゅーのぱっくまんにうまくあてていったくーちゅーわざをしていたからかいひできなかったですね,MF14output_id16_delay-1.0.mp4
34,168.37894,173.196536,さ2試合目ポケモン対決はゲッコウガの勝利今んところプレイヤーワンがですね連勝してますけれども,対戦結果,さにしあいめぽけもんたいけつわげっこーがのしょーりいまんところぷれーやーわんがですねれんしょーしてますけれども,FF2output_id34_delay-0.75.mp4
6,18.238235,22.539706,一気に30%ダメージを稼いだおおサムスがいいですねサムスは,対戦風景,いっきにさんじゅっぱーせんとだめーじをかせいだおーさむすがいーですねさむすわ,MM4output_id6_delay-0.75.mp4
19,77.07235,79.721979,これを取るとね最後の切り札といういわゆる超必殺技,アイテム,これをとるとねさいごのきりふだとゆーいわゆるちょーひっさつわざ,FF1output_id19_delay-0.5.mp4
7,64.078573,69.112709,さてマリオが結構アイテムにまた翻弄されてしまっていますね,アイテム,さてまりおがけっこーあいてむにまたほんろーされてしまっていますね,MF24output_id7_delay-0.5.mp4
23,121.075162,124.108295,ここから二人どちらが先に撃墜するのか,対戦風景,ここからふたりどちらがさきにげきついするのか,MF13output_id23_delay0.0.mp4
12,61.148911,66.220538,ソードをですねうまく使っていましたゼロスーツサムスでもソードを投げ捨ててあとは,アイテム,そーどをですねうまくつかっていましたぜろすーつさむすでもそーどをなげすててあとわ,MM1output_id12_delay0.0.mp4
16,86.949174,92.641728,ピカチュウがボンバーを使ってリドリーを撃墜しましてそうして箱を投げられた箱を跳ね返した,対戦風景,ぴかちゅーがぼんばーをつかってりどりーをげきついしましてそーしてはこをなげられたはこをはねかえした,MM2output_id16_delay0.5.mp4
5,26.309316,28.152196,おっとここでブーメランを取りましたね,アイテム,おっとここでぶーめらんをとりましたね,MF21output_id5_delay0.5.mp4
29,163.007955,164.960344,違うサドンデスじゃない,対戦風景,ちがうさどんですじゃない,MM1output_id29_delay0.75.mp4
4,17.205383,22.357492,さあさあさあさあさあなかなかね今回もあのゲームスピードが速いですから,対戦風景,さーさーさーさーさーなかなかねこんかいもあのげーむすぴーどがはやいですから,MM1output_id4_delay0.75.mp4
9,32.605147,39.888971,さあ早くも30秒でドンキーコングが撃墜になってしまいましたサムスはまだダメージが40%,対戦風景,さーはやくもさんじゅーびょーでどんきーこんぐがげきついになってしまいましたさむすわまだだめーじがよんじゅっぱーせんと,MM4output_id9_delay1.0.mp4
13,89.967679,96.093064,ソニック最初は優勢だったんですけどねアイテムの影響とかでちょっと今不利ですね,対戦風景,そにっくさいしょわゆーせーだったんですけどねあいてむのえーきょーとかでちょっといまふりですね,MF21output_id13_delay1.0.mp4
33,131.796941,136.503446,爆弾爆発しましたおどっちもダメージが増えてきましたまたファイアバー,アイテム,ばくだんばくはつしましたおどっちもだめーじがふえてきましたまたふぁいあばー,FF1output_id33_delay1.25.mp4
33,177.434586,182.431602,やれると良かったなとドンキーコング思ってますけどいい試合でしたドンキーコングとリンク,対戦結果,やれるとよかったなとどんきーこんぐおもってますけどいーしあいでしたどんきーこんぐとりんく,MF12output_id33_delay1.25.mp4
26,132.281157,134.484185,アイテムの使い方上手いですねプレイヤーワンは,対戦風景,あいてむのつかいかたうまいですねぷれーやーわんわ,FF4output_id26_delay1.5.mp4
6,27.788585,33.960481,教授ですね教授出しました数字で攻撃する教授を出しましたさあこれモンスターボールが出てるモンスターボール取りたいところ,アイテム,きょーじゅですねきょーじゅだしましたすーじでこーげきするきょーじゅをだしましたさーこれもんすたーぼーるがでてるもんすたーぼーるとりたいところ,MM3output_id6_delay1.5.mp4
5,26.309316,28.152196,おっとここでブーメランを取りましたね,アイテム,おっとここでぶーめらんをとりましたね,MF21output_id5_delay1.75.mp4
30,150.277414,156.200688,アイテムもね慣れてないのに使うとなかなか使いづらくなっちゃうってことが最後に取りたい最後に取りたいぞ,対戦風景,あいてむもねなれてないのにつかうとなかなかつかいづらくなっちゃうってことがさいごにとりたいさいごにとりたいぞ,FF2output_id30_delay1.75.mp4
21,141.234865,145.605124,このアシストフィギュアは結構積極的に攻撃をしてくるので,アシストフィギュア,このあしすとふぃぎゅあわけっこーせっきょくてきにこーげきをしてくるので,MF21output_id21_delay-1.5.mp4
4,34.483858,41.726704,もしくは横 B のあ今出ましたね凶斬りなども発生が非常に早いのでここでうまく優位に立てればいいんですけど,ファイター,もしくわよこびーのあいまでましたねきょーぎりなどもはっせーがひじょーにはやいのでここでうまくゆーいにたてればいーんですけど,MF23output_id4_delay-1.5.mp4
12,77.155667,87.897732,ここでちゃんと村人が今ので結構パーセンテージをもらってしまったのでここで Wii Fit トレーナーがうまく吹っ飛ばすことでイーブンに持って行きたいんですけどね,対戦風景,ここでちゃんとむらびとがいまのでけっこーぱーせんてーじをもらってしまったのでここでうぃーふぃっととれーなーがうまくふっとばすことでいーぶんにもっていきたいんですけどね,MF22output_id12_delay-1.25.mp4
6,38.233459,45.957881,もうあれですね圧倒しているような状況ではあるんですけれどもピカチュウもですねスピードを活かして逆転して行きたい所,対戦風景,もーあれですねあっとーしているよーなじょーきょーでわあるんですけれどもぴかちゅーもですねすぴーどをいかしてぎゃくてんしていきたいところ,MM2output_id6_delay-1.25.mp4
11,86.439215,94.694385,ちゃんと後にどうやって追撃していくかっていうのも考えられた戦いをちゃんとされているので結構クラウドは今辛い状態ですね,対戦風景,ちゃんとあとにどーやってついげきしていくかってゆーのもかんがえられたたたかいをちゃんとされているのでけっこーくらうどわいまつらいじょーたいですね,MF23output_id11_delay-1.0.mp4
30,157.128793,160.052483,さあさあさあさあこれはどっちが勝ったのかな,対戦結果,さーさーさーさーこれわどっちがかったのかな,MF13output_id30_delay-1.0.mp4
15,62.16259,67.528684,攻撃を加えないといつまでたってもただこれで逃げ切るというのもおっと,対戦風景,こーげきをくわえないといつまでたってもただこれでにげきるとゆーのもおっと,MM4output_id15_delay-0.75.mp4
16,90.555843,95.836835,リンクもですねえ剣を使ったこのリーチの長い攻撃これをうまく活用していきたいですね,ファイター,りんくもですねえけんをつかったこのりーちのながいこーげきこれをうまくかつよーしていきたいですね,MF12output_id16_delay-0.75.mp4
19,87.649252,92.311446,ドンキーコングは何とか無理矢理にでも撃墜をね狙ってきたいところですね,対戦風景,どんきーこんぐわなんとかむりやりにでもげきついをねねらってきたいところですね,MM4output_id19_delay-0.5.mp4
12,74.134109,79.253756,さあさあさあさあこれはえーとおマリオ強いですねマリオ,対戦風景,さーさーさーさーこれわえーとおまりおつよいですねまりお,MF11output_id12_delay-0.5.mp4
4,31.399354,42.192882,結構そうですねも良くも悪くもプレイヤーの腕が出てしまうキャラクターなので結構難しいキャラクターであったりするんですけどうまく使いこなせるととても非常に強力なキャラクターとなっております,ファイター,けっこーそーですねもよくもわるくもぷれーやーのうでがでてしまうきゃらくたーなのでけっこーむずかしーきゃらくたーであったりするんですけどうまくつかいこなせるととてもひじょーにきょーりょくなきゃらくたーとなっております,MF24output_id4_delay0.0.mp4
11,54.91935,61.471581,これちょっと全然接待プレイをする感じがないですねプレイヤーワンさんガチですね,対戦風景,これちょっとぜんぜんせったいぷれーをするかんじがないですねぷれーやーわんさんがちですね,FF4output_id11_delay0.0.mp4
5,42.470186,54.223613,でデイジーはですねあのーデラックスから出始めたそのピーチというキャラクターに基本性能はちょっと似ている点もあるんですけど細かなところで違いがあるということで,ファイター,ででいじーわですねあのーでらっくすからではじめたそのぴーちとゆーきゃらくたーにきほんせーのーわちょっとにているてんもあるんですけどこまかなところでちがいがあるとゆーことで,MF24output_id5_delay0.5.mp4
16,125.283428,127.730552,これはもう確実にピットはバーストしましたね,対戦風景,これわもーかくじつにぴっとわばーすとしましたね,MF23output_id16_delay0.5.mp4
7,35.375766,42.179309,そしてパックマンはですねえーと記号ですよねわざとか最後の,ファイター,そしてぱっくまんわですねえーときごーですよねわざとかさいごの,MF14output_id7_delay0.75.mp4
9,61.113433,65.746962,これを取れると有利ですよおっとこれはどうぶつ森の運転手ですね,アシストフィギュア,これをとれるとゆーりですよおっとこれわどーぶつもりのうんてんしゅですね,MF21output_id9_delay0.75.mp4
28,159.731912,162.279946,いい試合してますねお二人とも,対戦風景,いーしあいしてますねおふたりとも,MM1output_id28_delay1.0.mp4
17,129.573638,132.965537,ただこれでイーブンかな,対戦風景,ただこれでいーぶんかな,MF23output_id17_delay1.0.mp4
15,95.382556,98.971507,そして近距離で相手を当てると相手をですねあの,ファイター,そしてきんきょりであいてをあてるとあいてをですねあの,MF11output_id15_delay1.25.mp4
6,22.720692,27.354981,このねスターはね威力の高いアイテムなんでうまく相手に当てたいですね,アイテム,このねすたーわねいりょくのたかいあいてむなんでうまくあいてにあてたいですね,FF3output_id6_delay1.25.mp4
7,45.957881,50.52452,ええそんなところでですねピカチュウが撃墜されてしまいました,対戦風景,ええそんなところでですねぴかちゅーがげきついされてしまいました,MM2output_id7_delay1.5.mp4
24,130.957394,135.957919,でもなんか台の上に乗ったからすぐ帰ったと思ったら帰らなかったですね,対戦風景,でもなんかだいのうえにのったからすぐかえったとおもったらかえらなかったですね,FF3output_id24_delay1.5.mp4
20,116.206128,121.18563,それを使っていればさっきの技はねかわせていたのかなっていうとこですかさあ,対戦風景,それをつかっていればさっきのわざわねかわせていたのかなってゆーとこですかさー,MF14output_id20_delay1.75.mp4
8,39.677107,43.978702,最後はダッシュ攻撃で決めましたか結構あれですね,対戦風景,さいごわだっしゅこーげきできめましたかけっこーあれですね,MF12output_id8_delay1.75.mp4
24,170.614963,180.169067,結構そうですねサドンデスはも一撃食らったらしもう負けてしまうっていうのがサドンデスの特徴なので,対戦結果,けっこーそーですねさどんですわもいちげきくらったらしもーまけてしまうってゆーのがさどんですのとくちょーなので,MF22output_id24_delay-1.5.mp4
33,177.434586,182.431602,やれると良かったなとドンキーコング思ってますけどいい試合でしたドンキーコングとリンク,対戦結果,やれるとよかったなとどんきーこんぐおもってますけどいーしあいでしたどんきーこんぐとりんく,MF12output_id33_delay-1.5.mp4
4,17.205383,22.357492,さあさあさあさあさあなかなかね今回もあのゲームスピードが速いですから,対戦風景,さーさーさーさーさーなかなかねこんかいもあのげーむすぴーどがはやいですから,MM1output_id4_delay-1.25.mp4
33,131.796941,136.503446,爆弾爆発しましたおどっちもダメージが増えてきましたまたファイアバー,アイテム,ばくだんばくはつしましたおどっちもだめーじがふえてきましたまたふぁいあばー,FF1output_id33_delay-1.25.mp4
17,93.223383,97.030031,さあうまくパンチを当てて行ったリトルマックスピード活かした動き,対戦風景,さーうまくぱんちをあてていったりとるまっくすぴーどいかしたうごき,MM3output_id17_delay-1.0.mp4
5,25.97047,28.610494,ドンキーコングの技は出るのが遅いんですけれども,ファイター,どんきーこんぐのわざわでるのがおそいんですけれども,MF12output_id5_delay-1.0.mp4
23,121.075162,124.108295,ここから二人どちらが先に撃墜するのか,対戦風景,ここからふたりどちらがさきにげきついするのか,MF13output_id23_delay-0.75.mp4
13,57.842747,61.523074,さーおゲッコウガが今おしてますねピカチュウが体が,対戦風景,さーおげっこーががいまおしてますねぴかちゅーがからだが,FF2output_id13_delay-0.75.mp4
20,136.390721,139.655253,アシストフィギュアはあーピカチュウがやられてしまいましたね,対戦風景,あしすとふぃぎゅあわあーぴかちゅーがやられてしまいましたね,MF21output_id20_delay-0.5.mp4
9,61.113433,65.746962,これを取れると有利ですよおっとこれはどうぶつ森の運転手ですね,アシストフィギュア,これをとれるとゆーりですよおっとこれわどーぶつもりのうんてんしゅですね,MF21output_id9_delay-0.5.mp4
18,133.647015,139.811288,ってなるとクラウドが今101%でいつスマッシュとかが当たってバーストしてしまってもおかしくないので,対戦風景,ってなるとくらうどがいまひゃくいちぱーせんとでいつすまっしゅとかがあたってばーすとしてしまってもおかしくないので,MF23output_id18_delay0.0.mp4
9,32.605147,39.888971,さあ早くも30秒でドンキーコングが撃墜になってしまいましたサムスはまだダメージが40%,対戦風景,さーはやくもさんじゅーびょーでどんきーこんぐがげきついになってしまいましたさむすわまだだめーじがよんじゅっぱーせんと,MM4output_id9_delay0.0.mp4
30,163.848104,167.413543,上上上スマッシュ上スマッシュドンキー決めろ上スマッシュ,対戦風景,うえうえうえすまっしゅうえすまっしゅどんきーきめろうえすまっしゅ,MF12output_id30_delay0.5.mp4
10,43.514352,47.560886,でそんなお姫様対決ですけども早くもですねもデイジーが一回撃墜されておりますはい,対戦風景,でそんなおひめさまたいけつですけどもはやくもですねもでいじーがいっかいげきついされておりますはい,FF1output_id10_delay0.5.mp4
12,95.92588,101.493292,非常にマリオが立ち回りづらい場所に置いていたのであれは非常にうまい使い方だったなと思いますね,アイテム,ひじょーにまりおがたちまわりづらいばしょにおいていたのであれわひじょーにうまいつかいかただったなとおもいますね,MF24output_id12_delay0.75.mp4
30,157.128793,160.052483,さあさあさあさあこれはどっちが勝ったのかな,対戦結果,さーさーさーさーこれわどっちがかったのかな,MF13output_id30_delay0.75.mp4
36,143.193196,146.08666,デイジー逆転したかなこれは撃墜しましたね,対戦風景,でいじーぎゃくてんしたかなこれわげきついしましたね,FF1output_id36_delay1.0.mp4
20,102.588222,110.701749,ギリギリでブーメランを打ってしまった回転斬りで戻って来たかったところなんですけどもやっぱりあれですねなかなか慣れないキャラクター使うと復帰が難しいですから,対戦風景,ぎりぎりでぶーめらんをうってしまったかいてんぎりでもどってきたかったところなんですけどもやっぱりあれですねなかなかなれないきゃらくたーつかうとふっきがむずかしーですから,FF3output_id20_delay1.0.mp4
30,157.128793,160.052483,さあさあさあさあこれはどっちが勝ったのかな,対戦結果,さーさーさーさーこれわどっちがかったのかな,MF13output_id30_delay1.25.mp4
32,164.686985,169.235171,いいですね決めたも何のポーズか分からないけど完全に決めた,対戦結果,いーですねきめたもなんのぽーずかわからないけどかんぜんにきめた,FF4output_id32_delay1.25.mp4
17,84.113021,86.955638,上Bでジャンプパンチですねいわゆる昇龍拳で,ファイター,うえびーでじゃんぷぱんちですねいわゆるしょーりゅーけんで,FF4output_id17_delay1.5.mp4
14,99.664974,107.197792,Wii Fit トレーナーが結構こういった剣みたいなまこれの前はファイヤーバーですけど取っていくってのは結構実は大事なことで,アイテム,うぃーふぃっととれーなーがけっこーこーいったけんみたいなまこれのまえわふぁいやーばーですけどとっていくってのわけっこーじつわだいじなことで,MF22output_id14_delay1.5.mp4
30,121.902921,124.988789,突進力ありますからただま避けられやすいんでね注意して下さい,ファイター,とっしんりょくありますからただまよけられやすいんでねちゅーいしてください,FF1output_id30_delay1.75.mp4
6,28.82538,31.618893,当たるとでかいのでどんどんタイミングおっと,対戦風景,あたるとでかいのでどんどんたいみんぐおっと,MF12output_id6_delay1.75.mp4
8,34.285285,37.595492,はいアシストフィギュアはいボンバーマン出た白ボンですねはい,アイテム,はいあしすとふぃぎゅあはいぼんばーまんでたしろぼんですねはい,FF3output_id8_delay-1.5.mp4
26,140.566803,144.314681,さあここでただリドリーは戻って来れませんでした,対戦風景,さーここでただりどりーわもどってこれませんでした,MM2output_id26_delay-1.5.mp4
14,58.462421,61.897485,銃で牽制をしていてサムスも逃げ回っているただ,対戦風景,じゅーでけんせーをしていてさむすもにげまわっているただ,MM4output_id14_delay-1.25.mp4
23,161.988244,171.715217,いいですね今回デイジーが途中でもう140とか130とかいったあたりからもういつ飛ばされてもおかしくない状態だったんですけど,対戦風景,いーですねこんかいでいじーがとちゅーでもーひゃくよんじゅーとかひゃくさんじゅーとかいったあたりからもーいつとばされてもおかしくないじょーたいだったんですけど,MF24output_id23_delay-1.25.mp4
21,115.985157,122.040873,さあジェネシスのアイテムがステージに落ちています,アイテム,さーじぇねしすのあいてむがすてーじにおちています,MM1output_id21_delay-1.0.mp4
24,92.213458,97.112367,ただしあの相手もね取ると体力回復できるんでそこだけね注意して使いたいとこでドリル取りましたね,アイテム,ただしあのあいてもねとるとたいりょくかいふくできるんでそこだけねちゅーいしてつかいたいとこでどりるとりましたね,FF1output_id24_delay-1.0.mp4
41,158.874146,159.717765,タイムアップです,対戦風景,たいむあっぷです,FF1output_id41_delay-0.75.mp4
26,154.172567,156.257321,おっこれはサドンデスになりますね,対戦風景,おっこれわさどんですになりますね,MM1output_id26_delay-0.75.mp4
18,135.813585,139.35713,いいですね B と横 B の遠距離攻撃でうまく牽制していますよ,対戦風景,いーですねびーとよこびーのえんきょりこーげきでうまくけんせーしていますよ,MF22output_id18_delay-0.5.mp4
18,91.212874,96.778829,とにかくカービィが今フィギュアを出しまくっているというねそういう形になってます,対戦風景,とにかくかーびーがいまふぃぎゅあをだしまくっているとゆーねそーゆーかたちになってます,MF13output_id18_delay-0.5.mp4
9,36.566346,40.752126,またファイアバー好きだなファイヤーバーよく出るなぁこの二人戦うとファイヤーバー,アイテム,またふぁいあばーすきだなふぁいやーばーよくでるなーこのふたりたたかうとふぁいやーばー,FF2output_id9_delay0.0.mp4
36,143.193196,146.08666,デイジー逆転したかなこれは撃墜しましたね,対戦風景,でいじーぎゃくてんしたかなこれわげきついしましたね,FF1output_id36_delay0.0.mp4
23,131.869001,138.553453,この試合を勝っに勝てるんじゃないでしょうかたクッパはですね前後の緊急回避をうまく使っていますけれども,対戦風景,このしあいをかっにかてるんじゃないでしょーかたくっぱわですねぜんごのきんきゅーかいひをうまくつかっていますけれども,MM1output_id23_delay0.5.mp4
26,173.250146,183.224497,でちゃんとアイテムを活かしつつクラウドにやっぱり剣であまり攻撃されないようにちゃんと距離を取りながら相手を牽制するっていう戦い方が上手く出来ていましたし,対戦風景,でちゃんとあいてむをいかしつつくらうどにやっぱりけんであまりこーげきされないよーにちゃんときょりをとりながらあいてをけんせーするってゆーたたかいかたがうまくできていましたし,MF23output_id26_delay0.5.mp4
21,141.234865,145.605124,このアシストフィギュアは結構積極的に攻撃をしてくるので,アシストフィギュア,このあしすとふぃぎゅあわけっこーせっきょくてきにこーげきをしてくるので,MF21output_id21_delay0.75.mp4
23,134.211977,137.190638,さあさあさあ上手くね戻ってきますねガオガエン,対戦風景,さーさーさーうまくねもどってきますねがおがえん,MM3output_id23_delay0.75.mp4
13,105.923274,109.609448,こうなってしまうとクラウドはもうスマッシュ攻撃などで吹っ飛ばしたりとか,対戦風景,こうなってしまうとくらうどわもーすまっしゅこーげきなどでふっとばしたりとか,MF23output_id13_delay1.0.mp4
6,46.690099,50.991382,Wii Fit トレーナー今回はあまり 2P の方はアイテムを取らないですね,対戦風景,うぃーふぃっととれーなーこんかいわあまりにぴーのかたわあいてむをとらないですね,MF22output_id6_delay1.0.mp4
18,133.647015,139.811288,ってなるとクラウドが今101%でいつスマッシュとかが当たってバーストしてしまってもおかしくないので,対戦風景,ってなるとくらうどがいまひゃくいちぱーせんとでいつすまっしゅとかがあたってばーすとしてしまってもおかしくないので,MF23output_id18_delay1.25.mp4
31,170.799312,175.56594,リドリーの横スマッシュが炸裂いやー尻尾でね一撃食らわしましたすごい,対戦風景,りどりーのよこすまっしゅがさくれついやーしっぽでねいちげきくらわしましたすごい,MM2output_id31_delay1.25.mp4
11,71.854795,78.629575,そのまま出てしまいましたお二つ目も取りましたピカチュウ結構アイテムを貪欲にとっていきますね,アイテム,そのままでてしまいましたおふたつめもとりましたぴかちゅーけっこーあいてむをどんよくにとっていきますね,MF21output_id11_delay1.5.mp4
17,112.833595,121.435684,さあさあさあマリオマリオがですねマリオが今 2P ややこしいな,対戦風景,さーさーさーまりおまりおがですねまりおがいまにぴーややこしーな,MF11output_id17_delay1.5.mp4
28,148.107568,151.43776,クレーンであのあのまま運ばれてたら撃墜になっちゃいますから,アイテム,くれーんであのあのままはこばれてたらげきついになっちゃいますから,MF13output_id28_delay1.75.mp4
22,103.349287,110.473012,逆に使わない逆に使わないことによって牽制をするというこれねあんまり持ってるとね殴られたらあのおっと外したな,対戦風景,ぎゃくにつかわないぎゃくにつかわないことによってけんせーをするとゆーこれねあんまりもってるとねなぐられたらあのおっとはずしたな,FF2output_id22_delay1.75.mp4
22,126.219596,132.363936,そしてガオガエンがですねさあここから取り返していきたいところですけれどもさあ,対戦風景,そしてがおがえんがですねさーここからとりかえしていきたいところですけれどもさー,MM3output_id22_delay-1.5.mp4
29,152.219496,155.19009,ダメージが少なかったから助かったということですねはい,対戦風景,だめーじがすくなかったからたすかったとゆーことですねはい,MF13output_id29_delay-1.5.mp4
10,53.891188,57.380794,そういうキャラクターですさあガオガエンの最後の切り札さあ当たりましたよ,アイテム,そーゆーきゃらくたーですさーがおがえんのさいごのきりふださーあたりましたよ,MM3output_id10_delay-1.25.mp4
30,157.128793,160.052483,さあさあさあさあこれはどっちが勝ったのかな,対戦結果,さーさーさーさーこれわどっちがかったのかな,MF13output_id30_delay-1.25.mp4
22,120.181617,121.576129,空中回避で上手く避けましたね,対戦風景,くーちゅーかいひでうまくよけましたね,FF3output_id22_delay-1.0.mp4
22,126.219596,132.363936,そしてガオガエンがですねさあここから取り返していきたいところですけれどもさあ,対戦風景,そしてがおがえんがですねさーここからとりかえしていきたいところですけれどもさー,MM3output_id22_delay-1.0.mp4
27,156.753691,159.268633,このまま行けばサドンデスになると思いますさあ,対戦風景,このままいけばさどんですになるとおもいますさー,MM1output_id27_delay-0.75.mp4
29,163.007955,164.960344,違うサドンデスじゃない,対戦風景,ちがうさどんですじゃない,MM1output_id29_delay-0.75.mp4
16,110.590392,113.328386,このままだとピカチュウが取るんじゃないですかね,対戦風景,このままだとぴかちゅーがとるんじゃないですかね,MF21output_id16_delay-0.5.mp4
22,146.236969,153.713799,ましてや撃墜ができるキャラクターでもちゃんとあるのでピカチュウはあでもちょうどいいタイミングでアシストフィギュアが消えてくれました,アシストフィギュア,ましてやげきついができるきゃらくたーでもちゃんとあるのでぴかちゅーわあでもちょうどいーたいみんぐであしすとふぃぎゅあがきえてくれました,MF21output_id22_delay-0.5.mp4
6,27.908842,33.916467,おいい試合してますねゼロスーツサムスもスピード活かしクッパもねえ狙いすまして攻撃を当ててますね,対戦風景,おいーしあいしてますねぜろすーつさむすもすぴーどいかしくっぱもねーねらいすましてこーげきをあててますね,MM1output_id6_delay0.0.mp4
26,136.193922,143.245175,アシストフィギュア出てますけれども何も特に効果を発揮していない悲しいですね,アイテム,あしすとふぃぎゅあでてますけれどもなにもとくにこーかをはっきしていないかなしーですね,MF13output_id26_delay0.0.mp4
15,62.16259,67.528684,攻撃を加えないといつまでたってもただこれで逃げ切るというのもおっと,対戦風景,こーげきをくわえないといつまでたってもただこれでにげきるとゆーのもおっと,MM4output_id15_delay0.5.mp4
22,154.117074,159.620493,あのアイテムは非常に火力があるのでうまくかわすかガードしたかったですね,アイテム,あのあいてむわひじょーにかりょくがあるのでうまくかわすかがーどしたかったですね,MF24output_id22_delay0.5.mp4
40,155.729076,158.874146,これはサドンデスになるんじゃないでしょうか,対戦風景,これわさどんですになるんじゃないでしょーか,FF1output_id40_delay0.75.mp4
31,170.799312,175.56594,リドリーの横スマッシュが炸裂いやー尻尾でね一撃食らわしましたすごい,対戦風景,りどりーのよこすまっしゅがさくれついやーしっぽでねいちげきくらわしましたすごい,MM2output_id31_delay0.75.mp4
13,105.923274,109.609448,こうなってしまうとクラウドはもうスマッシュ攻撃などで吹っ飛ばしたりとか,対戦風景,こうなってしまうとくらうどわもーすまっしゅこーげきなどでふっとばしたりとか,MF23output_id13_delay1.0.mp4
39,152.502604,155.270265,これいちいちの気がしますねはい,対戦風景,これいちいちのきがしますねはい,FF1output_id39_delay1.0.mp4
20,91.439558,96.336131,最後の切り札が使えますのでここで大きくね試合が動くんじゃないでしょうか,対戦風景,さいごのきりふだがつかえますのでここでおーきくねしあいがうごくんじゃないでしょーか,FF2output_id20_delay1.25.mp4
10,41.004853,46.864945,でも 1P の人はね使いませんファイアバーすぐ投げましたはい,アイテム,でもいちぴーのひとわねつかいませんふぁいあばーすぐなげましたはい,FF2output_id10_delay1.25.mp4
11,86.439215,94.694385,ちゃんと後にどうやって追撃していくかっていうのも考えられた戦いをちゃんとされているので結構クラウドは今辛い状態ですね,対戦風景,ちゃんとあとにどーやってついげきしていくかってゆーのもかんがえられたたたかいをちゃんとされているのでけっこーくらうどわいまつらいじょーたいですね,MF23output_id11_delay1.5.mp4
22,146.236969,153.713799,ましてや撃墜ができるキャラクターでもちゃんとあるのでピカチュウはあでもちょうどいいタイミングでアシストフィギュアが消えてくれました,アシストフィギュア,ましてやげきついができるきゃらくたーでもちゃんとあるのでぴかちゅーわあでもちょうどいーたいみんぐであしすとふぃぎゅあがきえてくれました,MF21output_id22_delay1.5.mp4
14,106.612752,109.172482,デイジーも相当パーセンテージが溜まってるんで当てられれば,対戦風景,でいじーもそーとーぱーせんてーじがたまってるんであてられれば,MF24output_id14_delay1.75.mp4
25,137.188348,140.699765,ドンキーコングはあれですねあんまりガードを使わないですね,対戦風景,どんきーこんぐわあれですねあんまりがーどをつかわないですね,MF12output_id25_delay1.75.mp4
8,40.760597,43.079997,そういうような攻防ができますから,対戦風景,そーゆーよーなこーぼーができますから,MM1output_id8_delay-1.5.mp4
18,74.249187,77.07235,もう残り時間1分半きたとこでスマッシュボールでました,アイテム,もーのこりじかんいっぷんはんきたとこですまっしゅぼーるでました,FF1output_id18_delay-1.5.mp4
21,98.122216,103.959674,さあさあスマッシュボールこれをが勝敗を分けますねドンキーコングは何としてでも取りたいところだが,アイテム,さーさーすまっしゅぼーるこれをがしょーはいをわけますねどんきーこんぐわなんとしてでもとりたいところだが,MM4output_id21_delay-1.25.mp4
4,15.987592,19.579518,フォックスの使い方わかってますねプレイヤーワンもう,ファイター,ふぉっくすのつかいかたわかってますねぷれーやーわんもー,FF3output_id4_delay-1.25.mp4
22,127.017239,132.329595,先ほどまたパックマン撃墜になってまたメタナイトが撃墜されましたから,対戦風景,さきほどまたぱっくまんげきついになってまためたないとがげきついされましたから,MF14output_id22_delay-1.0.mp4
27,176.196944,179.900256,近づきすぎたのが結構まずかったですね,対戦結果,ちかづきすぎたのがけっこーまずかったですね,MF21output_id27_delay-1.0.mp4
16,86.949174,92.641728,ピカチュウがボンバーを使ってリドリーを撃墜しましてそうして箱を投げられた箱を跳ね返した,対戦風景,ぴかちゅーがぼんばーをつかってりどりーをげきついしましてそーしてはこをなげられたはこをはねかえした,MM2output_id16_delay-0.75.mp4
8,53.899872,59.9375,どうなんですかねでもアイテムの効果のおかげで結構差が埋まってきましたねアシストフィギュアが出てますよこれどっちかが取りたいですね,アイテム,どーなんですかねでもあいてむのこーかのおかげでけっこーさがうまってきましたねあしすとふぃぎゅあがでてますよこれどっちかがとりたいですね,MF21output_id8_delay-0.75.mp4
8,29.178309,32.289706,魚雷を発射する銃をね手に入れましたね,アイテム,ぎょらいをはっしゃするじゅーをねてにいれましたね,MM4output_id8_delay-0.5.mp4
35,140.22573,142.763986,降りてくるところを狙ってますねはい,対戦風景,おりてくるところをねらってますねはい,FF1output_id35_delay-0.5.mp4
28,152.354004,156.072704,今回ですあー残りこれフォックス勝利かな,対戦結果,こんかいですあーのこりこれふぉっくすしょーりかな,FF3output_id28_delay0.0.mp4
18,91.212874,96.778829,とにかくカービィが今フィギュアを出しまくっているというねそういう形になってます,対戦風景,とにかくかーびーがいまふぃぎゅあをだしまくっているとゆーねそーゆーかたちになってます,MF13output_id18_delay0.0.mp4
21,81.838426,85.294304,画面にいる敵を眠らせることができまして,対戦風景,がめんにいるてきをねむらせることができまして,FF1output_id21_delay0.5.mp4
32,163.851717,169.167517,二人ともあまりシールドを使わないというそこがそこが珍しいすね決まった,対戦風景,ふたりともあまりしーるどをつかわないとゆーそこがそこがめずらしーすねきまった,MF13output_id32_delay0.5.mp4
3,14.374469,19.130857,いいですね必殺技を生かしつつソニックはなかなか翻弄した戦いができていますね,対戦風景,いーですねひっさつわざをいかしつつそにっくわなかなかほんろーしたたたかいができていますね,MF21output_id3_delay0.75.mp4
43,163.010838,167.13273,これね野菜を投げつけたいところですが投げつけるのにも隙がありますからね,アイテム,これねやさいをなげつけたいところですがなげつけるのにもすきがありますからね,FF1output_id43_delay0.75.mp4
12,46.728309,52.363235,ドンキーコングが手堅い動きに動きをしてダメージを稼いで行きますこれは,対戦風景,どんきーこんぐがてがたいうごきにうごきをしてだめーじをかせいでいきますこれわ,MM4output_id12_delay1.0.mp4
33,131.796941,136.503446,爆弾爆発しましたおどっちもダメージが増えてきましたまたファイアバー,アイテム,ばくだんばくはつしましたおどっちもだめーじがふえてきましたまたふぁいあばー,FF1output_id33_delay1.0.mp4
24,92.213458,97.112367,ただしあの相手もね取ると体力回復できるんでそこだけね注意して使いたいとこでドリル取りましたね,アイテム,ただしあのあいてもねとるとたいりょくかいふくできるんでそこだけねちゅーいしてつかいたいとこでどりるとりましたね,FF1output_id24_delay1.25.mp4
29,160.52902,165.002583,この試合はどちらですかねパックマンが勝利しましたかメタナイト勝利ですね,対戦結果,このしあいわどちらですかねぱっくまんがしょーりしましたかめたないとしょーりですね,MF14output_id29_delay1.25.mp4
9,38.215275,41.722685,これの爆弾爆弾ちなみに投げることもできますね点滅しだしたら,アイテム,これのばくだんばくだんちなみになげることもできますねてんめつしだしたら,FF3output_id9_delay1.5.mp4
11,47.165058,51.335043,サンドバッグくん出ましたねこれはホームランコンテストでおなじみのサンドバッグくん,アイテム,さんどばっぐくんでましたねこれわほーむらんこんてすとでおなじみのさんどばっぐくん,FF2output_id11_delay1.5.mp4
4,17.205383,22.357492,さあさあさあさあさあなかなかね今回もあのゲームスピードが速いですから,対戦風景,さーさーさーさーさーなかなかねこんかいもあのげーむすぴーどがはやいですから,MM1output_id4_delay1.75.mp4
22,146.236969,153.713799,ましてや撃墜ができるキャラクターでもちゃんとあるのでピカチュウはあでもちょうどいいタイミングでアシストフィギュアが消えてくれました,アシストフィギュア,ましてやげきついができるきゃらくたーでもちゃんとあるのでぴかちゅーわあでもちょうどいーたいみんぐであしすとふぃぎゅあがきえてくれました,MF21output_id22_delay1.75.mp4
33,164.588045,167.99985,素晴らしいです影分身で決めたゲッコウガですねいいですね,対戦風景,すばらしーですかげぶんしんできめたげっこーがですねいーですね,FF2output_id33_delay-1.5.mp4
31,160.522552,162.739792,これ圧勝じゃないすかね Wii Fit トレーナーの,対戦結果,これあっしょーじゃないすかねうぃーふぃっととれーなーの,FF4output_id31_delay-1.5.mp4
6,18.504308,25.509567,隙が少ないなので意外とね A ボタンの連打で固めたりも出来るんで結構ね使いこなせば強いと思います,ファイター,すきがすくないなのでいがいとねえーぼたんのれんだでかためたりもできるんでけっこーねつかいこなせばつよいとおもいます,FF2output_id6_delay-1.25.mp4
25,136.227235,138.499644,でもこれぎりぎり撃墜にならないですね,対戦風景,でもこれぎりぎりげきついにならないですね,MM2output_id25_delay-1.25.mp4
22,159.39724,161.429628,ここでタイムアップ,対戦風景,ここでたいむあっぷ,MF22output_id22_delay-1.0.mp4
5,31.893603,35.925849,プレイヤー1がですね今ちょっとプレイヤー2をかなり,対戦風景,ぷれーやーわんがですねいまちょっとぷれーやーつーをかなり,MM2output_id5_delay-1.0.mp4
9,54.149343,58.936415,もう1 P がマリオを撃墜しましたねルイージ強いですね,対戦風景,もーいちぴーがまりおをげきついしましたねるいーじつよいですね,MF11output_id9_delay-0.75.mp4
32,161.271011,163.592934,ゲッコウガが乗り切りましたね,対戦風景,げっこーががのりきりましたね,FF2output_id32_delay-0.75.mp4
28,159.731912,162.279946,いい試合してますねお二人とも,対戦風景,いーしあいしてますねおふたりとも,MM1output_id28_delay-0.5.mp4
18,133.647015,139.811288,ってなるとクラウドが今101%でいつスマッシュとかが当たってバーストしてしまってもおかしくないので,対戦風景,ってなるとくらうどがいまひゃくいちぱーせんとでいつすまっしゅとかがあたってばーすとしてしまってもおかしくないので,MF23output_id18_delay-0.5.mp4
29,150.544968,153.799764,使わない使わない方式最後の切り札を,対戦風景,つかわないつかわないほーしきさいごのきりふだを,FF4output_id29_delay0.0.mp4
31,157.180003,160.781354,飛行機完成させて攻撃くわえたおっとこれはゲッコウガかな,対戦風景,ひこーきかんせーさせてこーげきくわえたおっとこれわげっこーがかな,FF2output_id31_delay0.0.mp4
28,111.934898,116.263995,スマッシュ攻撃当たると撃墜されてしまう可能性がありますねはい,対戦風景,すまっしゅこーげきあたるとげきついされてしまうかのーせーがありますねはい,FF1output_id28_delay0.5.mp4
28,154.475323,159.82348,ここでリンクを撃墜これで並んだじゃないですかサドンデスになるんじゃないでしょうかこれは,対戦風景,ここでりんくをげきついこれでならんだじゃないですかさどんですになるんじゃないでしょーかこれわ,MF12output_id28_delay0.5.mp4
7,23.027206,28.963235,このねえ平坦なステージは飛び道具使えるキャラクターはね有利なんでああサムスが,ファイター,このねーへーたんなすてーじわとびどーぐつかえるきゃらくたーわねゆーりなんであーさむすが,MM4output_id7_delay0.75.mp4
20,79.980985,81.483219,迷わず使ったすぐ使ったこれね,対戦風景,まよわずつかったすぐつかったこれね,FF1output_id20_delay0.75.mp4
22,159.39724,161.429628,ここでタイムアップ,対戦風景,ここでたいむあっぷ,MF22output_id22_delay1.0.mp4
20,143.900152,148.314267,あの巨塔は結構まあ見ての通りアイテムが非常に大きいので,アイテム,あのきょとーわけっこーまーみてのとーりあいてむがひじょーにおーきーので,MF23output_id20_delay1.0.mp4
7,51.57083,55.470957,さっきの戦いでは結構貪欲にアイテムを狙っていたんですけども,対戦風景,さっきのたたかいでわけっこーどんよくにあいてむをねらっていたんですけども,MF22output_id7_delay1.25.mp4
20,109.497981,115.720426,ダメージが70%たまっているのですぐ撃墜におっと言っている側から撃墜になってしまったこれはクッパ有利ですね,対戦風景,だめーじがななじゅっぱーせんとたまっているのですぐげきついにおっとゆっているそばからげきついになってしまったこれわくっぱゆーりですね,MM1output_id20_delay1.25.mp4
17,114.978203,119.102745,あーレイガンを拾ったのがかえってまずい状態になってしまいましたね,対戦風景,あーれーがんをひろったのがかえってまずいじょーたいになってしまいましたね,MF21output_id17_delay1.5.mp4
13,57.842747,61.523074,さーおゲッコウガが今おしてますねピカチュウが体が,対戦風景,さーおげっこーががいまおしてますねぴかちゅーがからだが,FF2output_id13_delay1.5.mp4
15,107.844099,118.853602,近距離攻撃がま先ほどもちょっと出たんですけどメインの攻撃手段だったりするのでこういった中距離の武器っていうのは結構取れたら結構有利に運びやすかったりもするので弱点をカバーしやすいんですよ,アイテム,きんきょりこーげきがまさきほどもちょっとでたんですけどめいんのこーげきしゅだんだったりするのでこーいったちゅーきょりのぶきってゆーのわけっこーとれたらけっこーゆーりにはこびやすかったりもするのでじゃくてんをかばーしやすいんですよ,MF22output_id15_delay1.75.mp4
27,132.934067,136.677577,さあさあさあさあさあこれあと残り30秒切ってますよ,対戦風景,さーさーさーさーさーこれあとのこりさんじゅーびょーきってますよ,FF2output_id27_delay1.75.mp4
28,180.09332,186.938305,いやでもピカチュウは結構アイテムを活かしつつ有利に戦況を運べていたので非常に良かったと思いますね,対戦結果,いやでもぴかちゅーわけっこーあいてむをいかしつつゆーりにせんきょーをはこべていたのでひじょーによかったとおもいますね,MF21output_id28_delay-1.5.mp4
19,129.984517,134.530289,アシストフィギュアが出ましたあのキャラは結構厄介ですよ,アシストフィギュア,あしすとふぃぎゅあがでましたあのきゃらわけっこーやっかいですよ,MF21output_id19_delay-1.5.mp4
15,62.16259,67.528684,攻撃を加えないといつまでたってもただこれで逃げ切るというのもおっと,対戦風景,こーげきをくわえないといつまでたってもただこれでにげきるとゆーのもおっと,MM4output_id15_delay-1.25.mp4
32,161.271011,163.592934,ゲッコウガが乗り切りましたね,対戦風景,げっこーががのりきりましたね,FF2output_id32_delay-1.25.mp4
25,144.985923,150.93202,さあ横 B をうまく使っているガオガエンそしてリトルマックが140%なっても戻ってくる,対戦風景,さーよこびーをうまくつかっているがおがえんそしてりとるまっくがひゃくよんじゅっぱーせんとなってももどってくる,MM3output_id25_delay-1.0.mp4
29,160.52902,165.002583,この試合はどちらですかねパックマンが勝利しましたかメタナイト勝利ですね,対戦結果,このしあいわどちらですかねぱっくまんがしょーりしましたかめたないとしょーりですね,MF14output_id29_delay-1.0.mp4
28,152.354004,156.072704,今回ですあー残りこれフォックス勝利かな,対戦結果,こんかいですあーのこりこれふぉっくすしょーりかな,FF3output_id28_delay-0.75.mp4
10,43.514352,47.560886,でそんなお姫様対決ですけども早くもですねもデイジーが一回撃墜されておりますはい,対戦風景,でそんなおひめさまたいけつですけどもはやくもですねもでいじーがいっかいげきついされておりますはい,FF1output_id10_delay-0.75.mp4
32,164.686985,169.235171,いいですね決めたも何のポーズか分からないけど完全に決めた,対戦結果,いーですねきめたもなんのぽーずかわからないけどかんぜんにきめた,FF4output_id32_delay-0.5.mp4
30,121.902921,124.988789,突進力ありますからただま避けられやすいんでね注意して下さい,ファイター,とっしんりょくありますからただまよけられやすいんでねちゅーいしてください,FF1output_id30_delay-0.5.mp4
33,169.683462,174.123719,上 B が炸裂でカービィの勝利ですねいい試合でした,対戦結果,うえびーがさくれつでかーびーのしょーりですねいーしあいでした,MF13output_id33_delay0.0.mp4
28,159.731912,162.279946,いい試合してますねお二人とも,対戦風景,いーしあいしてますねおふたりとも,MM1output_id28_delay0.0.mp4
14,99.664974,107.197792,Wii Fit トレーナーが結構こういった剣みたいなまこれの前はファイヤーバーですけど取っていくってのは結構実は大事なことで,アイテム,うぃーふぃっととれーなーがけっこーこーいったけんみたいなまこれのまえわふぁいやーばーですけどとっていくってのわけっこーじつわだいじなことで,MF22output_id14_delay0.5.mp4
30,165.21887,170.130822,ピカチュウ慎重に動いて撃墜狙いたいところですおおっとリドリーの,対戦風景,ぴかちゅーしんちょーにうごいてげきついねらいたいところですおーっとりどりーの,MM2output_id30_delay0.5.mp4
27,142.632833,147.347703,さあ試合は残り十十秒まもなく十秒ですね残り,対戦風景,さーしあいわのこりじゅーじゅーびょーまもなくじゅーびょーですねのこり,MM4output_id27_delay0.75.mp4
20,92.51256,97.960928,サムスがまたねジャンプを活かして足の速さも活かして逃げ回ってますからねうまいこと,対戦風景,さむすがまたねじゃんぷをいかしてあしのはやさもいかしてにげまわってますからねうまいこと,MM4output_id20_delay0.75.mp4
13,66.176111,71.832918,結構ねこのステージはあのスクロールしていくのでもたもたしてると撃墜になっちゃうんですよね,対戦風景,けっこーねこのすてーじわあのすくろーるしていくのでもたもたしてるとげきついになっちゃうんですよね,FF4output_id13_delay1.0.mp4
1,6.334616,8.958958,今回はクラウド対ピットということで,対戦風景,こんかいわくらうどたいぴっととゆーことで,MF23output_id1_delay1.0.mp4
16,115.571807,119.880686,ここでうまく結構時間ももう30秒近いので,対戦風景,ここでうまくけっこーじかんももーさんじゅーびょーちかいので,MF24output_id16_delay1.25.mp4
17,92.917174,95.488005,ああっとリドリーが戻ってこれない,対戦風景,あーっとりどりーがもどってこれない,MM2output_id17_delay1.25.mp4
7,23.027206,28.963235,このねえ平坦なステージは飛び道具使えるキャラクターはね有利なんでああサムスが,ファイター,このねーへーたんなすてーじわとびどーぐつかえるきゃらくたーわねゆーりなんであーさむすが,MM4output_id7_delay1.5.mp4
23,154.328093,155.855051,おっとも時間がないですよ,対戦風景,おっともじかんがないですよ,MF21output_id23_delay1.5.mp4
22,111.897589,119.980732,相手の撃墜を狙っていきたいですジャンプをね使い切って着地してしまうと危ない着地狙われてしまいましたねカービィが撃墜でございます,対戦風景,あいてのげきついをねらっていきたいですじゃんぷをねつかいきってちゃくちしてしまうとあぶないちゃくちねらわれてしまいましたねかーびーがげきついでございます,MF13output_id22_delay1.75.mp4
18,92.38997,96.883399,おっとととまたリンクが取ったで取ったであー外したー,対戦風景,おっとととまたりんくがとったでとったであーはずしたー,FF3output_id18_delay1.75.mp4
24,137.309097,140.997124,どっちでしょでもパックマンもうまく横スマッシュ当てていきましたね,対戦風景,どっちでしょでもぱっくまんもうまくよこすまっしゅあてていきましたね,MF14output_id24_delay-1.5.mp4
45,169.330579,172.127842,カウンターのキノピオではい野菜ヒット,対戦風景,かうんたーのきのぴおではいやさいひっと,FF1output_id45_delay-1.5.mp4
25,124.662945,131.598929,はいはいはいはいはい一旦落ち着いて戦える船まで戻ってきましたよとはいモンスターボールがでデデンネでましたけれども,アイテム,はいはいはいはいはいいったんおちついてたたかえるふねまでもどってきましたよとはいもんすたーぼーるがでででんねでましたけれども,FF4output_id25_delay-1.25.mp4
21,148.677648,153.178506,ここでドラグーンが当たってしまいましたね今のは結構痛いですよ,アイテム,ここでどらぐーんがあたってしまいましたねいまのわけっこーいたいですよ,MF24output_id21_delay-1.25.mp4
12,46.728309,52.363235,ドンキーコングが手堅い動きに動きをしてダメージを稼いで行きますこれは,対戦風景,どんきーこんぐがてがたいうごきにうごきをしてだめーじをかせいでいきますこれわ,MM4output_id12_delay-1.0.mp4
16,125.283428,127.730552,これはもう確実にピットはバーストしましたね,対戦風景,これわもーかくじつにぴっとわばーすとしましたね,MF23output_id16_delay-1.0.mp4
17,86.966866,92.38997,あ殴られるとね今回ねこういうふうに落ちちゃうんですよねスマッシュボールが取られちゃうこともあるんでね気をつけて,アイテム,あなぐられるとねこんかいねこーゆーふうにおちちゃうんですよねすまっしゅぼーるがとられちゃうこともあるんでねきをつけて,FF3output_id17_delay-0.75.mp4
26,142.482484,148.37086,あんまりそのシールドを使わないのでシールドをうまく使って相手の隙に大技を叩き込むという動きが,ファイター,あんまりそのしーるどをつかわないのでしーるどをうまくつかってあいてのすきにおーわざをたたきこむとゆーうごきが,MF12output_id26_delay-0.75.mp4
24,165.862311,169.145793,そうですねピットの方の戦い方が非常に良かったですね,対戦結果,そーですねぴっとのかたのたたかいかたがひじょーによかったですね,MF23output_id24_delay-0.5.mp4
13,88.722331,98.684371,ファイヤーバーを投げたりとかもしくは落ちているトゲゾーなどをとってうまく自分にとって有利な運びをおっと吹っ飛ばしましたねいいですね,アイテム,ふぁいやーばーをなげたりとかもしくわおちているとげぞーなどをとってうまくじぶんにとってゆーりなはこびをおっとふっとばしましたねいーですね,MF22output_id13_delay-0.5.mp4
31,160.522552,162.739792,これ圧勝じゃないすかね Wii Fit トレーナーの,対戦結果,これあっしょーじゃないすかねうぃーふぃっととれーなーの,FF4output_id31_delay0.0.mp4
10,59.299225,66.756979,大体昔は同じだったんですけどもねはいルイージの方が一発が強いというか癖の強いキャラクターになってますね,ファイター,だいたいむかしわおなじだったんですけどもねはいるいーじのほーがいっぱつがつよいとゆーかくせのつよいきゃらくたーになってますね,MF11output_id10_delay0.0.mp4
19,129.984517,134.530289,アシストフィギュアが出ましたあのキャラは結構厄介ですよ,アシストフィギュア,あしすとふぃぎゅあがでましたあのきゃらわけっこーやっかいですよ,MF21output_id19_delay0.5.mp4
15,75.416359,82.022686,リンクがここは取りましたさあトライフォースラッシュ当てたいところです最後の切り札,アイテム,りんくがここわとりましたさーとらいふぉーすらっしゅあてたいところですさいごのきりふだ,FF3output_id15_delay0.5.mp4
13,102.453191,105.759509,さてここでマリオがスマッシュボールを取りました,アイテム,さてここでまりおがすまっしゅぼーるをとりました,MF24output_id13_delay0.75.mp4
10,53.891188,57.380794,そういうキャラクターですさあガオガエンの最後の切り札さあ当たりましたよ,アイテム,そーゆーきゃらくたーですさーがおがえんのさいごのきりふださーあたりましたよ,MM3output_id10_delay0.75.mp4
27,132.934067,136.677577,さあさあさあさあさあこれあと残り30秒切ってますよ,対戦風景,さーさーさーさーさーこれあとのこりさんじゅーびょーきってますよ,FF2output_id27_delay1.0.mp4
16,115.571807,119.880686,ここでうまく結構時間ももう30秒近いので,対戦風景,ここでうまくけっこーじかんももーさんじゅーびょーちかいので,MF24output_id16_delay1.0.mp4
47,176.035129,180.56403,えー懐かしいですその野菜攻撃でピーチが勝利でーす,対戦結果,えーなつかしーですそのやさいこーげきでぴーちがしょーりでーす,FF1output_id47_delay1.25.mp4
27,159.54031,163.015508,これでサドンデスですねさあ,対戦風景,これでさどんですですねさー,MM3output_id27_delay1.25.mp4
28,154.511012,159.610342,さあさあどうださあ時間切れここで時間切れですね,対戦風景,さーさーどーださーじかんぎれここでじかんぎれですね,MF14output_id28_delay1.5.mp4
15,65.614082,71.916446,ピカチュウは体が軽いんでね吹き飛ばされやすいんだよフィギュアを守っているなフィギュアを守っているゲッコウガ,ファイター,ぴかちゅーわからだがかるいんでねふきとばされやすいんだよふぃぎゅあをまもっているなふぃぎゅあをまもっているげっこーが,FF2output_id15_delay1.5.mp4
4,20.398791,25.863027,ヘッドバット決めましたねヘッドバットはですね序盤に決めても後半に決めても美味しい技ですから,ファイター,へっどばっときめましたねへっどばっとわですねじょばんにきめてもこーはんにきめてもおいしーわざですから,MF12output_id4_delay1.75.mp4
7,25.651726,29.316258,隙が少ないピカチュウはねジャンプ攻撃の放電も結構強いです,ファイター,すきがすくないぴかちゅーわねじゃんぷこーげきのほーでんもけっこーつよいです,FF2output_id7_delay1.75.mp4
19,140.229467,142.614638,結構ま不利なあーやられてしまいましたね,対戦風景,けっこーまふりなあーやられてしまいましたね,MF23output_id19_delay-1.5.mp4
19,97.47501,101.996611,あの矢が当たらないとね続きの攻撃でないんですよもったいなそしてリンクが,対戦風景,あのやがあたらないとねつづきのこーげきでないんですよもったいなそしてりんくが,FF3output_id19_delay-1.5.mp4
22,146.236969,153.713799,ましてや撃墜ができるキャラクターでもちゃんとあるのでピカチュウはあでもちょうどいいタイミングでアシストフィギュアが消えてくれました,アシストフィギュア,ましてやげきついができるきゃらくたーでもちゃんとあるのでぴかちゅーわあでもちょうどいーたいみんぐであしすとふぃぎゅあがきえてくれました,MF21output_id22_delay-1.25.mp4
18,102.206101,105.574022,あまりね回転斬りを食らってしまうのはねよくないですね,ファイター,あまりねかいてんぎりをくらってしまうのわねよくないですね,MF12output_id18_delay-1.25.mp4
2,7.29523,23.421529,さてどうなんですかねマリオはまあそうですね初期の一番最初の64の64の時代からいるキャラクターで結構やっぱりそうですね任天堂の看板キャラクターだけもあって結構オールラウンダーな戦い方で,ファイター,さてどーなんですかねまりおわまーそーですねしょきのいちばんさいしょのろくじゅーよんのろくよんのじだいからいるきゃらくたーでけっこーやっぱりそーですねにんてんどーのかんばんきゃらくたーだけもあってけっこーおーるらうんだーなたたかいかたで,MF24output_id2_delay-1.0.mp4
16,78.52728,82.890696,ねマントで飛び道具相手の飛び道具跳ね返したりもできますしはい,ファイター,ねまんとでとびどーぐあいてのとびどーぐはねかえしたりもできますしはい,FF4output_id16_delay-1.0.mp4
11,61.167211,67.112296,さあマジカルロッドの力でゆっくりなってましたがまたリンクが撃墜して,アイテム,さーまじかるろっどのちからでゆっくりなってましたがまたりんくがげきついして,MF12output_id11_delay-0.75.mp4
9,36.566346,40.752126,またファイアバー好きだなファイヤーバーよく出るなぁこの二人戦うとファイヤーバー,アイテム,またふぁいあばーすきだなふぁいやーばーよくでるなーこのふたりたたかうとふぁいやーばー,FF2output_id9_delay-0.75.mp4
4,22.357794,31.480663,さあそのその相手のリドリーはですね重量級キャラクターこれも隙をね狙われないように立ち回って行きたいとこですけれども上手いですねアイテムの使い方上手いですね,ファイター,さーそのそのあいてのりどりーわですねじゅーりょーきゅーきゃらくたーこれもすきをねねらわれないよーにたちまわっていきたいとこですけれどもうまいですねあいてむのつかいかたうまいですね,MM2output_id4_delay-0.5.mp4
22,85.383106,89.793604,その間あの出てきたこのフルーツでねピーチ姫はもうピーチですねわかりやすいもう王道で,ファイター,そのあいだあのでてきたこのふるーつでねぴーちひめわもーぴーちですねわかりやすいもーおーどーで,FF1output_id22_delay-0.5.mp4
4,25.787766,29.943825,2 P の方がですねマリオを使っていますね,ファイター,つーぴーのほーがですねまりおをつかっていますね,MF11output_id4_delay0.0.mp4
13,65.153839,71.777472,ええガオガエンがね今リトルマック2回目ですかねっということは今ガオガエンが有利ですかね,対戦風景,えーがおがえんがねいまりとるまっくにかいめですかねっとゆーことわいまがおがえんがゆーりですかね,MM3output_id13_delay0.0.mp4
33,169.683462,174.123719,上 B が炸裂でカービィの勝利ですねいい試合でした,対戦結果,うえびーがさくれつでかーびーのしょーりですねいーしあいでした,MF13output_id33_delay0.5.mp4
11,67.162131,71.548032,これはリドリーは上手ですね立ち振る舞いがおっと真っ暗になった,対戦風景,これわりどりーわじょーずですねたちふるまいがおっとまっくらになった,MM2output_id11_delay0.5.mp4
32,161.271011,163.592934,ゲッコウガが乗り切りましたね,対戦風景,げっこーががのりきりましたね,FF2output_id32_delay0.75.mp4
23,162.063099,170.271832,またサドンデスになりましたね結構この二人いい戦いをされ,対戦風景,またさどんですになりましたねけっこーこのふたりいーたたかいをされ,MF22output_id23_delay0.75.mp4
21,81.838426,85.294304,画面にいる敵を眠らせることができまして,対戦風景,がめんにいるてきをねむらせることができまして,FF1output_id21_delay1.0.mp4
22,103.349287,110.473012,逆に使わない逆に使わないことによって牽制をするというこれねあんまり持ってるとね殴られたらあのおっと外したな,対戦風景,ぎゃくにつかわないぎゃくにつかわないことによってけんせーをするとゆーこれねあんまりもってるとねなぐられたらあのおっとはずしたな,FF2output_id22_delay1.0.mp4
19,132.679336,140.571836,あぁやってデイジーはですね先ほど出たピーチもそうなんですけど空中で上を押し続けると空中に浮遊できるという特性を持っているんですね,ファイター,あーやってでいじーわですねさきほどでたぴーちもそーなんですけどくーちゅーでうえをおしつづけるとくーちゅーにふゆーできるとゆーとくせーをもっているんですね,MF24output_id19_delay1.25.mp4
14,58.462421,61.897485,銃で牽制をしていてサムスも逃げ回っているただ,対戦風景,じゅーでけんせーをしていてさむすもにげまわっているただ,MM4output_id14_delay1.25.mp4
23,127.522788,132.637012,ただまだリンクが有利に戦いを進めています残り30秒ここで,対戦風景,ただまだりんくがゆーりにたたかいをすすめていますのこりさんじゅーびょーここで,MF12output_id23_delay1.5.mp4
40,155.729076,158.874146,これはサドンデスになるんじゃないでしょうか,対戦風景,これわさどんですになるんじゃないでしょーか,FF1output_id40_delay1.5.mp4
6,27.908842,33.916467,おいい試合してますねゼロスーツサムスもスピード活かしクッパもねえ狙いすまして攻撃を当ててますね,対戦風景,おいーしあいしてますねぜろすーつさむすもすぴーどいかしくっぱもねーねらいすましてこーげきをあててますね,MM1output_id6_delay1.75.mp4
3,16.729135,20.246944,まあカービィもネスもですね初期の64版からいるキャラクターですね,ファイター,まーかーびーもねすもですねしょきのろくよんばんからいるきゃらくたーですね,MF13output_id3_delay1.75.mp4
7,25.651726,29.316258,隙が少ないピカチュウはねジャンプ攻撃の放電も結構強いです,ファイター,すきがすくないぴかちゅーわねじゃんぷこーげきのほーでんもけっこーつよいです,FF2output_id7_delay-1.5.mp4
30,163.848104,167.413543,上上上スマッシュ上スマッシュドンキー決めろ上スマッシュ,対戦風景,うえうえうえすまっしゅうえすまっしゅどんきーきめろうえすまっしゅ,MF12output_id30_delay-1.5.mp4
8,42.17964,49.947196,なかなかねえナマコブシあのほっといたら何もしないんでまあちょっとねどういう効果があるのかわからない,アイテム,なかなかねーなまこぶしあのほっといたらなにもしないんでまーちょっとねどーゆーこーかがあるのかわからない,MM3output_id8_delay-1.25.mp4
14,80.797543,83.781543,ボンバー気をつけてくださいこれ使う時に危ないです危なあ,アイテム,ぼんばーきをつけてくださいこれつかうときにあぶないですあぶなあ,MM2output_id14_delay-1.25.mp4
14,96.584499,103.956021,ピカチュウがこのままアイテムをうまく生かしてあれは偽物なので触れると爆発してしまうんですよ,アイテム,ぴかちゅーがこのままあいてむをうまくいかしてあれわにせものなのでふれるとばくはつしてしまうんですよ,MF21output_id14_delay-1.0.mp4
24,132.195542,135.787414,さあ最後の切り札空中で回避できない状態に当てて行きました,アイテム,さーさいごのきりふだくーちゅーでかいひできないじょーたいにあてていきました,MM2output_id24_delay-1.0.mp4
9,43.422203,48.771165,さあクッパが取ったこれギガクッパとりあえずギガクッパに変身してしまえということですね,アイテム,さーくっぱがとったこれぎがくっぱとりあえずぎがくっぱにへんしんしてしまえとゆーことですね,MM1output_id9_delay-0.75.mp4
19,92.584018,98.269251,このステージでこれ出すとねめちゃくちゃあの移動の妨げになりますから相当イヤらしいですよ,アイテム,このすてーじでこれだすとねめちゃくちゃあのいどーのさまたげになりますからそーとーいやらしーですよ,FF4output_id19_delay-0.75.mp4
13,88.722331,98.684371,ファイヤーバーを投げたりとかもしくは落ちているトゲゾーなどをとってうまく自分にとって有利な運びをおっと吹っ飛ばしましたねいいですね,アイテム,ふぁいやーばーをなげたりとかもしくわおちているとげぞーなどをとってうまくじぶんにとってゆーりなはこびをおっとふっとばしましたねいーですね,MF22output_id13_delay-0.5.mp4
21,154.408653,159.05411,なのでどうしても難しいですねこのまま戦局をひっくり返すのが,対戦風景,なのでどーしてもむずかしーですねこのまませんきょくをひっくりかえすのが,MF22output_id21_delay-0.5.mp4
22,109.966618,111.743253,おー魔球投げましたねーちゃんと,アイテム,おーまきゅーなげましたねーちゃんと,FF4output_id22_delay0.0.mp4
13,52.65,58.06042,ノーダメージで相手を撃墜できるんじゃないかむたい無敵スターを取ったさあドンキーコングが荒ぶっている,アイテム,のーだめーじであいてをげきついできるんじゃないかむたいむてきすたーをとったさーどんきーこんぐがあらぶっている,MM4output_id13_delay0.0.mp4
19,87.649252,92.311446,ドンキーコングは何とか無理矢理にでも撃墜をね狙ってきたいところですね,対戦風景,どんきーこんぐわなんとかむりやりにでもげきついをねねらってきたいところですね,MM4output_id19_delay0.5.mp4
12,54.216953,61.992416,そうですねフォックスがやっぱり使い方がよくわかってますからリンクはあの飛び道具をね使っていきたいところなんですけれども,ファイター,そーですねふぉっくすがやっぱりつかいかたがよくわかってますからりんくわあのとびどーぐをねつかっていきたいところなんですけれども,FF3output_id12_delay0.5.mp4
21,115.985157,122.040873,さあジェネシスのアイテムがステージに落ちています,アイテム,さーじぇねしすのあいてむがすてーじにおちています,MM1output_id21_delay0.75.mp4
23,154.328093,155.855051,おっとも時間がないですよ,対戦風景,おっともじかんがないですよ,MF21output_id23_delay0.75.mp4
5,42.470186,54.223613,でデイジーはですねあのーデラックスから出始めたそのピーチというキャラクターに基本性能はちょっと似ている点もあるんですけど細かなところで違いがあるということで,ファイター,ででいじーわですねあのーでらっくすからではじめたそのぴーちとゆーきゃらくたーにきほんせーのーわちょっとにているてんもあるんですけどこまかなところでちがいがあるとゆーことで,MF24output_id5_delay1.0.mp4
9,56.173278,58.775901,ジョイメカファイトのスカポンですか,アイテム,じょいめかふぁいとのすかぽんですか,MM2output_id9_delay1.0.mp4
28,180.09332,186.938305,いやでもピカチュウは結構アイテムを活かしつつ有利に戦況を運べていたので非常に良かったと思いますね,対戦結果,いやでもぴかちゅーわけっこーあいてむをいかしつつゆーりにせんきょーをはこべていたのでひじょーによかったとおもいますね,MF21output_id28_delay1.25.mp4
13,70.804788,78.180841,ゲームも出ましたけど初期のパックマン自ら自ら突進して画面外に消えて撃墜になっちゃいましたね,対戦風景,げーむもでましたけどしょきのぱっくまんみずからみずからとっしんしてがめんがいにきえてげきついになっちゃいましたね,MF14output_id13_delay1.25.mp4
8,40.760597,43.079997,そういうような攻防ができますから,対戦風景,そーゆーよーなこーぼーができますから,MM1output_id8_delay1.5.mp4
14,79.524837,85.047049,さあドンキーコングさらにリンクをこう攻め立てていきたいところですけれどもどうなっていくのか,対戦風景,さーどんきーこんぐさらにりんくをこーせめたてていきたいところですけれどもどーなっていくのか,MF12output_id14_delay1.5.mp4
24,165.862311,169.145793,そうですねピットの方の戦い方が非常に良かったですね,対戦結果,そーですねぴっとのかたのたたかいかたがひじょーによかったですね,MF23output_id24_delay1.75.mp4
15,95.382556,98.971507,そして近距離で相手を当てると相手をですねあの,ファイター,そしてきんきょりであいてをあてるとあいてをですねあの,MF11output_id15_delay1.75.mp4
13,73.181755,79.300963,ヘッドバットからのハンドクラップと言うか横スマですねドンキーコング決めました,対戦風景,へっどばっとからのはんどくらっぷとゆーかよこすまですねどんきーこんぐきめました,MF12output_id13_delay-1.5.mp4
9,56.173278,58.775901,ジョイメカファイトのスカポンですか,アイテム,じょいめかふぁいとのすかぽんですか,MM2output_id9_delay-1.5.mp4
12,67.833666,72.883257,2ポイントねリンクが今先制してますねさドンキーコングここで撃墜したいところ,対戦風景,にぽいんとねりんくがいませんせーしてますねさどんきーこんぐここでげきついしたいところ,MF12output_id12_delay-1.25.mp4
21,154.408653,159.05411,なのでどうしても難しいですねこのまま戦局をひっくり返すのが,対戦風景,なのでどーしてもむずかしーですねこのまませんきょくをひっくりかえすのが,MF22output_id21_delay-1.25.mp4
24,124.108295,129.127035,ネスが細かい攻撃でカービィを攻め立てていきますさあ,対戦風景,ねすがこまかいこーげきでかーびーをせめたてていきますさー,MF13output_id24_delay-1.0.mp4
3,23.976137,30.247476,まぁ重さもそこまでなくかといって軽すぎずで遠距離攻撃もちゃんとできるって言うキャラクターなので,ファイター,まーおもさもそこまでなくかといってかるすぎずでえんきょりこーげきもちゃんとできるってゆーきゃらくたーなので,MF24output_id3_delay-1.0.mp4
31,157.180003,160.781354,飛行機完成させて攻撃くわえたおっとこれはゲッコウガかな,対戦風景,ひこーきかんせーさせてこーげきくわえたおっとこれわげっこーがかな,FF2output_id31_delay-0.75.mp4
24,165.862311,169.145793,そうですねピットの方の戦い方が非常に良かったですね,対戦結果,そーですねぴっとのかたのたたかいかたがひじょーによかったですね,MF23output_id24_delay-0.75.mp4
27,176.196944,179.900256,近づきすぎたのが結構まずかったですね,対戦結果,ちかづきすぎたのがけっこーまずかったですね,MF21output_id27_delay-0.5.mp4
18,96.199574,104.763298,惜しいですねリドリーが戻ってこれなくて連続で撃墜になってしまいますそしてただピカチュウをまたワンパンでここで撃墜したこれはいい戦いですね,対戦風景,おしーですねりどりーがもどってこれなくてれんぞくでげきついになってしまいますそしてただぴかちゅーをまたわんぱんでここでげきついしたこれわいーたたかいですね,MM2output_id18_delay-0.5.mp4
1,1.773943,5.199487,マスクドピカチュウにねしてますね,ファイター,ますくどぴかちゅーにねしてますね,MM2output_id1_delay0.0.mp4
33,177.434586,182.431602,やれると良かったなとドンキーコング思ってますけどいい試合でしたドンキーコングとリンク,対戦結果,やれるとよかったなとどんきーこんぐおもってますけどいーしあいでしたどんきーこんぐとりんく,MF12output_id33_delay0.0.mp4
14,106.612752,109.172482,デイジーも相当パーセンテージが溜まってるんで当てられれば,対戦風景,でいじーもそーとーぱーせんてーじがたまってるんであてられれば,MF24output_id14_delay0.5.mp4
20,112.126576,115.127921,フェイントをかけつつ攻撃していきたいところですさ,対戦風景,ふぇいんとをかけつつこーげきしていきたいところですさ,MF12output_id20_delay0.5.mp4
36,143.193196,146.08666,デイジー逆転したかなこれは撃墜しましたね,対戦風景,でいじーぎゃくてんしたかなこれわげきついしましたね,FF1output_id36_delay0.75.mp4
17,120.733929,124.872159,うまくここであでもデイジーあー時間を稼がれてしまいましたね,対戦風景,うまくここであでもでいじーあーじかんをかせがれてしまいましたね,MF24output_id17_delay0.75.mp4
21,141.234865,145.605124,このアシストフィギュアは結構積極的に攻撃をしてくるので,アシストフィギュア,このあしすとふぃぎゅあわけっこーせっきょくてきにこーげきをしてくるので,MF21output_id21_delay1.0.mp4
7,31.833779,38.372444,そうこうしている間に 1P がドンキーコングを撃墜しましたねリンクうまいですね,対戦風景,そーこーしているあいだにいちぴーがどんきーこんぐをげきついしましたねりんくうまいですね,MF12output_id7_delay1.0.mp4
6,18.238235,22.539706,一気に30%ダメージを稼いだおおサムスがいいですねサムスは,対戦風景,いっきにさんじゅっぱーせんとだめーじをかせいだおーさむすがいーですねさむすわ,MM4output_id6_delay1.25.mp4
5,43.185161,51.242455,ただピットもですね横 B が結構強力だったりとか通常 B が弓矢で攻撃で遠距離攻撃も出来たりするので,ファイター,ただぴっともですねよこびーがけっこーきょーりょくだったりとかつーじょーびーがゆみやでこーげきでえんきょりこーげきもできたりするので,MF23output_id5_delay1.25.mp4
13,79.455317,87.07432,まだ一回も撃墜されていないのにえー今2回ルイージを撃墜していますさあこのマリオが,対戦風景,まだいっかいもげきついされていないのにえーいまにかいるいーじをげきついしていますさーこのまりおが,MF11output_id13_delay1.5.mp4
6,38.233459,45.957881,もうあれですね圧倒しているような状況ではあるんですけれどもピカチュウもですねスピードを活かして逆転して行きたい所,対戦風景,もーあれですねあっとーしているよーなじょーきょーでわあるんですけれどもぴかちゅーもですねすぴーどをいかしてぎゃくてんしていきたいところ,MM2output_id6_delay1.5.mp4
29,138.9995,149.045373,でもあんまりプレイヤーワンはアイテムを使わないですねすぐ Z ボタンで投げてしまいますねまあでも投げてぶつけたりですねするのを牽制に使えますから,アイテム,でもあんまりぷれーやーわんわあいてむをつかわないですねすぐぜっとぼたんでなげてしまいますねまーでもなげてぶつけたりですねするのをけんせーにつかえますから,FF2output_id29_delay1.75.mp4
15,77.735774,82.819212,さあダメージが溜まっているクッパをサムスがおここで撃墜して行きたいところですがクッパも,対戦風景,さーだめーじがたまっているくっぱをさむすがおここでげきついしていきたいところですがくっぱも,MM1output_id15_delay1.75.mp4
35,140.22573,142.763986,降りてくるところを狙ってますねはい,対戦風景,おりてくるところをねらってますねはい,FF1output_id35_delay-1.5.mp4
17,120.733929,124.872159,うまくここであでもデイジーあー時間を稼がれてしまいましたね,対戦風景,うまくここであでもでいじーあーじかんをかせがれてしまいましたね,MF24output_id17_delay-1.5.mp4
29,150.544968,153.799764,使わない使わない方式最後の切り札を,対戦風景,つかわないつかわないほーしきさいごのきりふだを,FF4output_id29_delay-1.25.mp4
11,86.439215,94.694385,ちゃんと後にどうやって追撃していくかっていうのも考えられた戦いをちゃんとされているので結構クラウドは今辛い状態ですね,対戦風景,ちゃんとあとにどーやってついげきしていくかってゆーのもかんがえられたたたかいをちゃんとされているのでけっこーくらうどわいまつらいじょーたいですね,MF23output_id11_delay-1.25.mp4
20,91.439558,96.336131,最後の切り札が使えますのでここで大きくね試合が動くんじゃないでしょうか,対戦風景,さいごのきりふだがつかえますのでここでおーきくねしあいがうごくんじゃないでしょーか,FF2output_id20_delay-1.0.mp4
3,23.409472,34.113063,空中戦も結構戦えるんですよ攻撃自体の範囲も広いのでうまくそこで空中戦に持ち込んで相手を空中の上 A 攻撃でお手玉できたりだとか,ファイター,くーちゅーせんもけっこーたたかえるんですよこーげきじたいのはんいもひろいのでうまくそこでくーちゅーせんにもちこんであいてをくーちゅーのうええーこーげきでおてだまできたりだとか,MF23output_id3_delay-1.0.mp4
15,62.16259,67.528684,攻撃を加えないといつまでたってもただこれで逃げ切るというのもおっと,対戦風景,こーげきをくわえないといつまでたってもただこれでにげきるとゆーのもおっと,MM4output_id15_delay-0.75.mp4
33,177.434586,182.431602,やれると良かったなとドンキーコング思ってますけどいい試合でしたドンキーコングとリンク,対戦結果,やれるとよかったなとどんきーこんぐおもってますけどいーしあいでしたどんきーこんぐとりんく,MF12output_id33_delay-0.75.mp4
6,46.690099,50.991382,Wii Fit トレーナー今回はあまり 2P の方はアイテムを取らないですね,対戦風景,うぃーふぃっととれーなーこんかいわあまりにぴーのかたわあいてむをとらないですね,MF22output_id6_delay-0.5.mp4
20,136.390721,139.655253,アシストフィギュアはあーピカチュウがやられてしまいましたね,対戦風景,あしすとふぃぎゅあわあーぴかちゅーがやられてしまいましたね,MF21output_id20_delay-0.5.mp4
21,142.000946,147.222965,おっとマリオがついにルイージを撃墜しましたねさあ,対戦風景,おっとまりおがついにるいーじをげきついしましたねさー,MF11output_id21_delay0.0.mp4
13,65.153839,71.777472,ええガオガエンがね今リトルマック2回目ですかねっということは今ガオガエンが有利ですかね,対戦風景,えーがおがえんがねいまりとるまっくにかいめですかねっとゆーことわいまがおがえんがゆーりですかね,MM3output_id13_delay0.0.mp4
24,137.309097,140.997124,どっちでしょでもパックマンもうまく横スマッシュ当てていきましたね,対戦風景,どっちでしょでもぱっくまんもうまくよこすまっしゅあてていきましたね,MF14output_id24_delay0.5.mp4
7,45.957881,50.52452,ええそんなところでですねピカチュウが撃墜されてしまいました,対戦風景,ええそんなところでですねぴかちゅーがげきついされてしまいました,MM2output_id7_delay0.5.mp4
25,137.188348,140.699765,ドンキーコングはあれですねあんまりガードを使わないですね,対戦風景,どんきーこんぐわあれですねあんまりがーどをつかわないですね,MF12output_id25_delay0.75.mp4
24,156.831481,162.680142,マリオが最後にギリギリ撃墜されてない,対戦風景,まりおがさいごにぎりぎりげきついされてない,MF11output_id24_delay0.75.mp4
22,159.39724,161.429628,ここでタイムアップ,対戦風景,ここでたいむあっぷ,MF22output_id22_delay1.0.mp4
18,125.192126,132.274045,あのまま通常のステージでしたら下に落ちてそのまま一機落とせていたと思うんですけど,対戦風景,あのままつーじょーのすてーじでしたらしたにおちてそのままいっきおとせていたとおもうんですけど,MF24output_id18_delay1.0.mp4
5,25.97047,28.610494,ドンキーコングの技は出るのが遅いんですけれども,ファイター,どんきーこんぐのわざわでるのがおそいんですけれども,MF12output_id5_delay1.25.mp4
7,64.078573,69.112709,さてマリオが結構アイテムにまた翻弄されてしまっていますね,アイテム,さてまりおがけっこーあいてむにまたほんろーされてしまっていますね,MF24output_id7_delay1.25.mp4
23,134.211977,137.190638,さあさあさあ上手くね戻ってきますねガオガエン,対戦風景,さーさーさーうまくねもどってきますねがおがえん,MM3output_id23_delay1.5.mp4
21,106.300365,111.725608,カービィは残り1分ですからここでもう1回自分が撃墜されてもいいので,対戦風景,かーびーわのこりいっぷんですからここでもーいっかいじぶんがげきついされてもいーので,MF13output_id21_delay1.5.mp4
28,163.971985,168.371778,これはリトルああ横 B ですね横必殺,対戦風景,これわりとるあーよこびーですねよこひっさつ,MM3output_id28_delay1.75.mp4
6,28.819143,40.05194,ブーメランは投擲がメインの武器なのでここでつかず離れずの戦いがうまくできると非常にアドバンテージが出るんですけどもどう出るんですかね,アイテム,ぶーめらんわとーてきがめいんのぶきなのでここでつかずはなれずのたたかいがうまくできるとひじょーにあどばんてーじがでるんですけどもどーでるんですかね,MF21output_id6_delay1.75.mp4
24,132.195542,135.787414,さあ最後の切り札空中で回避できない状態に当てて行きました,アイテム,さーさいごのきりふだくーちゅーでかいひできないじょーたいにあてていきました,MM2output_id24_delay-1.5.mp4
28,143.211017,149.365282,最後の切り札当てたいところ B ボタン B ボタン普通に B ボタンすればでかいでかいファイアボール出せるんでマリオがんばって,アイテム,さいごのきりふだあてたいところびーぼたんびーぼたんふつーにびーぼたんすればでかいでかいふぁいあぼーるだせるんでまりおがんばって,FF4output_id28_delay-1.5.mp4
27,143.338983,147.998125,さあれクレーンで危なかったですね,アイテム,さーれくれーんであぶなかったですね,MF13output_id27_delay-1.25.mp4
26,151.585612,159.41278,ここで光線銃のビームを食らってしまったこれでガオガエンが一本取り返したということで,アイテム,ここでこーせんじゅーのびーむをくらってしまったこれでがおがえんがいっぽんとりかえしたとゆーことで,MM3output_id26_delay-1.25.mp4
21,141.234865,145.605124,このアシストフィギュアは結構積極的に攻撃をしてくるので,アシストフィギュア,このあしすとふぃぎゅあわけっこーせっきょくてきにこーげきをしてくるので,MF21output_id21_delay-1.0.mp4
4,34.483858,41.726704,もしくは横 B のあ今出ましたね凶斬りなども発生が非常に早いのでここでうまく優位に立てればいいんですけど,ファイター,もしくわよこびーのあいまでましたねきょーぎりなどもはっせーがひじょーにはやいのでここでうまくゆーいにたてればいーんですけど,MF23output_id4_delay-1.0.mp4
21,148.732447,155.996376,結構目の前で振り回されてしまうとそれに当たってしまうだけで結構火力が出てしまうので非常にこれは,アイテム,けっこーめのまえでふりまわされてしまうとそれにあたってしまうだけでけっこーかりょくがでてしまうのでひじょーにこれわ,MF23output_id21_delay-0.75.mp4
22,111.897589,119.980732,相手の撃墜を狙っていきたいですジャンプをね使い切って着地してしまうと危ない着地狙われてしまいましたねカービィが撃墜でございます,対戦風景,あいてのげきついをねらっていきたいですじゃんぷをねつかいきってちゃくちしてしまうとあぶないちゃくちねらわれてしまいましたねかーびーがげきついでございます,MF13output_id22_delay-0.75.mp4
28,111.934898,116.263995,スマッシュ攻撃当たると撃墜されてしまう可能性がありますねはい,対戦風景,すまっしゅこーげきあたるとげきついされてしまうかのーせーがありますねはい,FF1output_id28_delay-0.5.mp4
8,69.624655,71.864418,ここで一個取られてしまいましたよ,対戦風景,ここでいっことられてしまいましたよ,MF24output_id8_delay-0.5.mp4
24,118.449688,124.372962,これビーム撃ったりなんかたしか雷鳴り出したりするんじゃなかったかなあそれはカプセルに入っている方か,アイテム,これびーむうったりなんかたしかかみなりだしたりするんじゃなかったかなあそれわかぷせるにはいっているほーか,FF2output_id24_delay0.0.mp4
10,61.450819,67.162131,波状攻撃でしたさあリドリーは上手い立ちあれですね,対戦風景,はじょーこーげきでしたさーりどりーわうまいたちあれですね,MM2output_id10_delay0.0.mp4
28,143.211017,149.365282,最後の切り札当てたいところ B ボタン B ボタン普通に B ボタンすればでかいでかいファイアボール出せるんでマリオがんばって,アイテム,さいごのきりふだあてたいところびーぼたんびーぼたんふつーにびーぼたんすればでかいでかいふぁいあぼーるだせるんでまりおがんばって,FF4output_id28_delay0.5.mp4
24,132.195542,135.787414,さあ最後の切り札空中で回避できない状態に当てて行きました,アイテム,さーさいごのきりふだくーちゅーでかいひできないじょーたいにあてていきました,MM2output_id24_delay0.5.mp4
45,169.330579,172.127842,カウンターのキノピオではい野菜ヒット,対戦風景,かうんたーのきのぴおではいやさいひっと,FF1output_id45_delay0.75.mp4
11,67.162131,71.548032,これはリドリーは上手ですね立ち振る舞いがおっと真っ暗になった,対戦風景,これわりどりーわじょーずですねたちふるまいがおっとまっくらになった,MM2output_id11_delay0.75.mp4
31,170.799312,175.56594,リドリーの横スマッシュが炸裂いやー尻尾でね一撃食らわしましたすごい,対戦風景,りどりーのよこすまっしゅがさくれついやーしっぽでねいちげきくらわしましたすごい,MM2output_id31_delay1.0.mp4
20,101.359798,106.112748,車にひかれてしまったカートに引かれて撃墜されてしまいましたね,対戦風景,くるまにひかれてしまったかーとにひかれてげきついされてしまいましたね,MF13output_id20_delay1.0.mp4
9,45.09811,50.314311,か言うとそんなこと言ってる間に炸裂最後の切り札,アイテム,かゆーとそんなこといってるあいだにさくれつさいごのきりふだ,FF4output_id9_delay1.25.mp4
8,29.178309,32.289706,魚雷を発射する銃をね手に入れましたね,アイテム,ぎょらいをはっしゃするじゅーをねてにいれましたね,MM4output_id8_delay1.25.mp4
21,105.986955,109.227538,いいですね動き早いすね Wii Fit トレーナーいいですね機敏な動き,ファイター,いーですねうごきはやいすねうぃーふぃっととれーなーいーですねきびんなうごき,FF4output_id21_delay1.5.mp4
12,79.577343,88.546029,結構アイテム有りだとアイテムを取った時にそれをどういう風に活用していくかっていうので全然戦況は変わってくるので活かしたいところですね,アイテム,けっこーあいてむありだとあいてむをとったときにそれをどーゆーふーにかつよーしていくかってゆーのでぜんぜんせんきょーわかわってくるのでいかしたいところですね,MF21output_id12_delay1.5.mp4
14,72.105175,77.988894,二人とも動きがね速くていい動きしてますねもう何がどうなってるかわかんない時ありますけれども,対戦風景,ふたりともうごきがねはやくていーうごきしてますねもーなにがどーなってるかわかんないときありますけれども,MM3output_id14_delay1.75.mp4
26,144.113704,148.029607,まだ居るこれね強いっすねフォックスも吹っ飛ばされました,対戦風景,まだいるこれねつよいっすねふぉっくすもふっとばされました,FF3output_id26_delay1.75.mp4
7,31.833779,38.372444,そうこうしている間に 1P がドンキーコングを撃墜しましたねリンクうまいですね,対戦風景,そーこーしているあいだにいちぴーがどんきーこんぐをげきついしましたねりんくうまいですね,MF12output_id7_delay-1.5.mp4
13,89.967679,96.093064,ソニック最初は優勢だったんですけどねアイテムの影響とかでちょっと今不利ですね,対戦風景,そにっくさいしょわゆーせーだったんですけどねあいてむのえーきょーとかでちょっといまふりですね,MF21output_id13_delay-1.5.mp4
22,122.040873,131.405723,これを今ねジェネシスをサムスが一個持ってますからねそれを取りと取ってクッパがジェネシスを当てれば,アイテム,これをいまねじぇねしすをさむすがいっこもってますからねそれをとりととってくっぱがじぇねしすをあてれば,MM1output_id22_delay-1.25.mp4
34,168.37894,173.196536,さ2試合目ポケモン対決はゲッコウガの勝利今んところプレイヤーワンがですね連勝してますけれども,対戦結果,さにしあいめぽけもんたいけつわげっこーがのしょーりいまんところぷれーやーわんがですねれんしょーしてますけれども,FF2output_id34_delay-1.25.mp4
30,150.277414,156.200688,アイテムもね慣れてないのに使うとなかなか使いづらくなっちゃうってことが最後に取りたい最後に取りたいぞ,対戦風景,あいてむもねなれてないのにつかうとなかなかつかいづらくなっちゃうってことがさいごにとりたいさいごにとりたいぞ,FF2output_id30_delay-1.0.mp4
20,102.588222,110.701749,ギリギリでブーメランを打ってしまった回転斬りで戻って来たかったところなんですけどもやっぱりあれですねなかなか慣れないキャラクター使うと復帰が難しいですから,対戦風景,ぎりぎりでぶーめらんをうってしまったかいてんぎりでもどってきたかったところなんですけどもやっぱりあれですねなかなかなれないきゃらくたーつかうとふっきがむずかしーですから,FF3output_id20_delay-1.0.mp4
30,163.848104,167.413543,上上上スマッシュ上スマッシュドンキー決めろ上スマッシュ,対戦風景,うえうえうえすまっしゅうえすまっしゅどんきーきめろうえすまっしゅ,MF12output_id30_delay-0.75.mp4
31,160.20883,162.741653,おーサドンデスですねいい試合しますね,対戦風景,おーさどんですですねいーしあいしますね,MF13output_id31_delay-0.75.mp4
21,148.677648,153.178506,ここでドラグーンが当たってしまいましたね今のは結構痛いですよ,アイテム,ここでどらぐーんがあたってしまいましたねいまのわけっこーいたいですよ,MF24output_id21_delay-0.5.mp4
14,58.462421,61.897485,銃で牽制をしていてサムスも逃げ回っているただ,対戦風景,じゅーでけんせーをしていてさむすもにげまわっているただ,MM4output_id14_delay-0.5.mp4
16,110.590392,113.328386,このままだとピカチュウが取るんじゃないですかね,対戦風景,このままだとぴかちゅーがとるんじゃないですかね,MF21output_id16_delay0.0.mp4
8,42.17964,49.947196,なかなかねえナマコブシあのほっといたら何もしないんでまあちょっとねどういう効果があるのかわからない,アイテム,なかなかねーなまこぶしあのほっといたらなにもしないんでまーちょっとねどーゆーこーかがあるのかわからない,MM3output_id8_delay0.0.mp4
25,162.756099,167.541367,ということでマリオが勝ちましたねマリオ安定した戦いをしてました,対戦結果,とゆーことでまりおがかちましたねまりおあんてーしたたたかいをしてました,MF11output_id25_delay0.5.mp4
15,107.844099,118.853602,近距離攻撃がま先ほどもちょっと出たんですけどメインの攻撃手段だったりするのでこういった中距離の武器っていうのは結構取れたら結構有利に運びやすかったりもするので弱点をカバーしやすいんですよ,アイテム,きんきょりこーげきがまさきほどもちょっとでたんですけどめいんのこーげきしゅだんだったりするのでこーいったちゅーきょりのぶきってゆーのわけっこーとれたらけっこーゆーりにはこびやすかったりもするのでじゃくてんをかばーしやすいんですよ,MF22output_id15_delay0.5.mp4
18,88.050045,91.574889,召喚獣呼んだこれは,アイテム,しょーかんじゅーよんだこれわ,FF4output_id18_delay0.75.mp4
11,47.165058,51.335043,サンドバッグくん出ましたねこれはホームランコンテストでおなじみのサンドバッグくん,アイテム,さんどばっぐくんでましたねこれわほーむらんこんてすとでおなじみのさんどばっぐくん,FF2output_id11_delay0.75.mp4
10,43.514352,47.560886,でそんなお姫様対決ですけども早くもですねもデイジーが一回撃墜されておりますはい,対戦風景,でそんなおひめさまたいけつですけどもはやくもですねもでいじーがいっかいげきついされておりますはい,FF1output_id10_delay1.0.mp4
21,154.408653,159.05411,なのでどうしても難しいですねこのまま戦局をひっくり返すのが,対戦風景,なのでどーしてもむずかしーですねこのまませんきょくをひっくりかえすのが,MF22output_id21_delay1.0.mp4
20,91.439558,96.336131,最後の切り札が使えますのでここで大きくね試合が動くんじゃないでしょうか,対戦風景,さいごのきりふだがつかえますのでここでおーきくねしあいがうごくんじゃないでしょーか,FF2output_id20_delay1.25.mp4
6,36.726282,40.449417,更に今回のシリーズで別キャラになりましたね,ファイター,さらにこんかいのしりーずでべつきゃらになりましたね,MF11output_id6_delay1.25.mp4
18,97.030031,105.906944,リトルマックが撃墜したのでこれで今ごっ互角ですかねここでだからガオガエンがリトルマックを撃墜できるといいですね,対戦風景,りとるまっくがげきついしたのでこれでいまごっごかくですかねここでだからがおがえんがりとるまっくをげきついできるといーですね,MM3output_id18_delay1.5.mp4
18,97.030031,105.906944,リトルマックが撃墜したのでこれで今ごっ互角ですかねここでだからガオガエンがリトルマックを撃墜できるといいですね,対戦風景,りとるまっくがげきついしたのでこれでいまごっごかくですかねここでだからがおがえんがりとるまっくをげきついできるといーですね,MM3output_id18_delay1.5.mp4
9,61.113433,65.746962,これを取れると有利ですよおっとこれはどうぶつ森の運転手ですね,アシストフィギュア,これをとれるとゆーりですよおっとこれわどーぶつもりのうんてんしゅですね,MF21output_id9_delay1.75.mp4
12,79.577343,88.546029,結構アイテム有りだとアイテムを取った時にそれをどういう風に活用していくかっていうので全然戦況は変わってくるので活かしたいところですね,アイテム,けっこーあいてむありだとあいてむをとったときにそれをどーゆーふーにかつよーしていくかってゆーのでぜんぜんせんきょーわかわってくるのでいかしたいところですね,MF21output_id12_delay1.75.mp4
32,164.686985,169.235171,いいですね決めたも何のポーズか分からないけど完全に決めた,対戦結果,いーですねきめたもなんのぽーずかわからないけどかんぜんにきめた,FF4output_id32_delay-1.5.mp4
15,84.309481,86.811451,うまく当てましたね,対戦風景,うまくあてましたね,MM2output_id15_delay-1.5.mp4
9,61.113433,65.746962,これを取れると有利ですよおっとこれはどうぶつ森の運転手ですね,アシストフィギュア,これをとれるとゆーりですよおっとこれわどーぶつもりのうんてんしゅですね,MF21output_id9_delay-1.25.mp4
16,67.73894,72.876495,ここでハートこれは奇跡が起きましたねハートの器で体力が回復,アイテム,ここではーとこれわきせきがおきましたねはーとのうつわでたいりょくがかいふく,MM4output_id16_delay-1.25.mp4
5,20.185215,22.171339,とりあえず光線銃撃ちまくるというね,アイテム,とりあえずこーせんじゅーうちまくるとゆーね,FF3output_id5_delay-1.0.mp4
18,74.249187,77.07235,もう残り時間1分半きたとこでスマッシュボールでました,アイテム,もーのこりじかんいっぷんはんきたとこですまっしゅぼーるでました,FF1output_id18_delay-1.0.mp4
19,140.493738,147.367882,かといって今の 1P のはにわに乗っかった攻撃みたいに闇雲に突撃するとそれはそれでまた,対戦風景,かといっていまのいちぴーのはにわにのっかったこーげきみたいにやみくもにとつげきするとそれわそれでまた,MF22output_id19_delay-0.75.mp4
27,150.090706,154.084959,何とかメタナイトに攻撃をして吹っ飛ばしていきたいところですパックマン,対戦風景,なんとかめたないとにこーげきをしてふっとばしていきたいところですぱっくまん,MF14output_id27_delay-0.75.mp4
27,159.54031,163.015508,これでサドンデスですねさあ,対戦風景,これでさどんですですねさー,MM3output_id27_delay-0.5.mp4
16,125.283428,127.730552,これはもう確実にピットはバーストしましたね,対戦風景,これわもーかくじつにぴっとわばーすとしましたね,MF23output_id16_delay-0.5.mp4
9,69.572649,75.349719,ここで距離を詰められずにどうやって牽制できるかっていうのがピットの上手い戦い方になると思いますね,ファイター,ここできょりをつめられずにどーやってけんせーできるかってゆーのがぴっとのうまいたたかいかたになるとおもいますね,MF23output_id9_delay0.0.mp4
28,180.09332,186.938305,いやでもピカチュウは結構アイテムを活かしつつ有利に戦況を運べていたので非常に良かったと思いますね,対戦結果,いやでもぴかちゅーわけっこーあいてむをいかしつつゆーりにせんきょーをはこべていたのでひじょーによかったとおもいますね,MF21output_id28_delay0.0.mp4
2,10.542914,23.224075,いいですねクラウドは結構剣士なので近距離っていう風な感じなんですけども結構剣自体が大きいので意外と中距離も戦えるということで,ファイター,いーですねくらうどわけっこーけんしなのできんきょりってゆーふーなかんじなんですけどもけっこーけんじたいがおーきーのでいがいとちゅーきょりもたたかえるとゆーことで,MF23output_id2_delay0.5.mp4
9,61.113433,65.746962,これを取れると有利ですよおっとこれはどうぶつ森の運転手ですね,アシストフィギュア,これをとれるとゆーりですよおっとこれわどーぶつもりのうんてんしゅですね,MF21output_id9_delay0.5.mp4
8,29.679552,36.408392,さゲッコウガ回復回復してますね回復出しましたはい,対戦風景,さげっこーがかいふくかいふくしてますねかいふくだしましたはい,FF2output_id8_delay0.75.mp4
8,53.899872,59.9375,どうなんですかねでもアイテムの効果のおかげで結構差が埋まってきましたねアシストフィギュアが出てますよこれどっちかが取りたいですね,アイテム,どーなんですかねでもあいてむのこーかのおかげでけっこーさがうまってきましたねあしすとふぃぎゅあがでてますよこれどっちかがとりたいですね,MF21output_id8_delay0.75.mp4
19,77.07235,79.721979,これを取るとね最後の切り札といういわゆる超必殺技,アイテム,これをとるとねさいごのきりふだとゆーいわゆるちょーひっさつわざ,FF1output_id19_delay1.0.mp4
3,15.247201,16.749107,ゼロサムですねはい,ファイター,ぜろさむですねはい,MM1output_id3_delay1.0.mp4
20,99.392085,104.72199,はいはいはいドラゴンの火火とね波状攻撃を仕掛けている Wii Fit トレーナー,ファイター,はいはいはいどらごんのひひとねはじょーこーげきをしかけているうぃーふぃっととれーなー,FF4output_id20_delay1.25.mp4
23,109.147635,114.31154,さあ回避の隙をうまくサムス狙って行きましたさあここでサムスが取った,対戦風景,さーかいひのすきをうまくさむすねらっていきましたさーここでさむすがとった,MM4output_id23_delay1.25.mp4
15,78.802348,87.268586,そこはねーやっぱりスマッシュブラザーズはこのエフェクトのね効果でちょっと何が起きてるか分かりやすくはもうなってるということですねはい,対戦風景,そこわねーやっぱりすまっしゅぶらざーずわこのえふぇくとのねこーかでちょっとなにがおきてるかわかりやすくわもーなってるとゆーことですねはい,MM3output_id15_delay1.5.mp4
11,54.91935,61.471581,これちょっと全然接待プレイをする感じがないですねプレイヤーワンさんガチですね,対戦風景,これちょっとぜんぜんせったいぷれーをするかんじがないですねぷれーやーわんさんがちですね,FF4output_id11_delay1.5.mp4
14,80.797543,83.781543,ボンバー気をつけてくださいこれ使う時に危ないです危なあ,アイテム,ぼんばーきをつけてくださいこれつかうときにあぶないですあぶなあ,MM2output_id14_delay1.75.mp4
22,146.236969,153.713799,ましてや撃墜ができるキャラクターでもちゃんとあるのでピカチュウはあでもちょうどいいタイミングでアシストフィギュアが消えてくれました,アシストフィギュア,ましてやげきついができるきゃらくたーでもちゃんとあるのでぴかちゅーわあでもちょうどいーたいみんぐであしすとふぃぎゅあがきえてくれました,MF21output_id22_delay1.75.mp4
7,45.957881,50.52452,ええそんなところでですねピカチュウが撃墜されてしまいました,対戦風景,ええそんなところでですねぴかちゅーがげきついされてしまいました,MM2output_id7_delay-1.5.mp4
12,95.92588,101.493292,非常にマリオが立ち回りづらい場所に置いていたのであれは非常にうまい使い方だったなと思いますね,アイテム,ひじょーにまりおがたちまわりづらいばしょにおいていたのであれわひじょーにうまいつかいかただったなとおもいますね,MF24output_id12_delay-1.5.mp4
34,168.37894,173.196536,さ2試合目ポケモン対決はゲッコウガの勝利今んところプレイヤーワンがですね連勝してますけれども,対戦結果,さにしあいめぽけもんたいけつわげっこーがのしょーりいまんところぷれーやーわんがですねれんしょーしてますけれども,FF2output_id34_delay-1.25.mp4
17,114.978203,119.102745,あーレイガンを拾ったのがかえってまずい状態になってしまいましたね,対戦風景,あーれーがんをひろったのがかえってまずいじょーたいになってしまいましたね,MF21output_id17_delay-1.25.mp4
19,132.679336,140.571836,あぁやってデイジーはですね先ほど出たピーチもそうなんですけど空中で上を押し続けると空中に浮遊できるという特性を持っているんですね,ファイター,あーやってでいじーわですねさきほどでたぴーちもそーなんですけどくーちゅーでうえをおしつづけるとくーちゅーにふゆーできるとゆーとくせーをもっているんですね,MF24output_id19_delay-1.0.mp4
17,84.145987,90.915814,アシストフィギュアが出過ぎてちょっとよくわからないですけどメタルギアの雷電ですかこれメタルギアのキャラクターもね出てますね,アイテム,あしすとふぃぎゅあがですぎてちょっとよくわからないですけどめたるぎあのらいでんですかこれめたるぎあのきゃらくたーもねでてますね,MF13output_id17_delay-1.0.mp4
23,162.702734,164.654237,今回はサドンデスにならず,対戦風景,こんかいわさどんですにならず,MF23output_id23_delay-0.75.mp4
23,131.869001,138.553453,この試合を勝っに勝てるんじゃないでしょうかたクッパはですね前後の緊急回避をうまく使っていますけれども,対戦風景,このしあいをかっにかてるんじゃないでしょーかたくっぱわですねぜんごのきんきゅーかいひをうまくつかっていますけれども,MM1output_id23_delay-0.75.mp4
7,57.337032,64.058877,やっぱりクラウドはこんそうですねうまくどうやって近づくかっていうのがやっぱり肝だったりもするんですけど,対戦風景,やっぱりくらうどわこんそーですねうまくどーやってちかづくかってゆーのがやっぱりきもだったりもするんですけど,MF23output_id7_delay-0.5.mp4
9,44.981049,48.90536,異常にあの A 攻撃のスピードが速いので,ファイター,いじょーにあのえーこーげきのすぴーどがはやいので,MF13output_id9_delay-0.5.mp4
7,33.927312,38.648993,そこをやっぱうまくカバーして戦いたいところですねカービィは,ファイター,そこをやっぱうまくかばーしてたたかいたいところですねかーびーわ,MF13output_id7_delay0.0.mp4
8,40.760597,43.079997,そういうような攻防ができますから,対戦風景,そーゆーよーなこーぼーができますから,MM1output_id8_delay0.0.mp4
10,59.299225,66.756979,大体昔は同じだったんですけどもねはいルイージの方が一発が強いというか癖の強いキャラクターになってますね,ファイター,だいたいむかしわおなじだったんですけどもねはいるいーじのほーがいっぱつがつよいとゆーかくせのつよいきゃらくたーになってますね,MF11output_id10_delay0.5.mp4
17,87.828438,91.984241,さあそれを待ち待ち構えるゼロスーツサムス,対戦風景,さーそれをまちまちかまえるぜろすーつさむす,MM1output_id17_delay0.5.mp4
10,50.097911,59.500597,ヘッドバッドを地上で食らうとですね地面にめり込んでしまうんですねそれがダメージが上がれば上がるほどめり込む時間が長くなるので後半で食らうと厳しい技です,ファイター,へっどばっどをちじょーでくらうとですねじめんにめりこんでしまうんですねそれがだめーじがあがればあがるほどめりこむじかんがながくなるのでこーはんでくらうときびしーわざです,MF12output_id10_delay0.75.mp4
11,48.822021,53.202762,はい早くもねリンクが一度撃墜されてこれはいちいちかなでもはい,対戦風景,はいはやくもねりんくがいちどげきついされてこれわいちいちかなでもはい,FF3output_id11_delay0.75.mp4
21,112.082176,116.505175,おーこれ揃いましたねこれでまた吹っ飛ぶんじゃないすか,対戦風景,おーこれそろいましたねこれでまたふっとぶんじゃないすか,FF3output_id21_delay1.0.mp4
22,123.078048,126.789635,スクロールに追いつけないリンクがここで撃墜されてしまいました,対戦風景,すくろーるにおいつけないりんくがここでげきついされてしまいました,MF12output_id22_delay1.0.mp4
25,136.227235,138.499644,でもこれぎりぎり撃墜にならないですね,対戦風景,でもこれぎりぎりげきついにならないですね,MM2output_id25_delay1.25.mp4
3,23.409472,34.113063,空中戦も結構戦えるんですよ攻撃自体の範囲も広いのでうまくそこで空中戦に持ち込んで相手を空中の上 A 攻撃でお手玉できたりだとか,ファイター,くーちゅーせんもけっこーたたかえるんですよこーげきじたいのはんいもひろいのでうまくそこでくーちゅーせんにもちこんであいてをくーちゅーのうええーこーげきでおてだまできたりだとか,MF23output_id3_delay1.25.mp4
2,6.422896,17.250063,これねピカチュウは尻尾の形でオスかメスか判別することができるんですけどこのマスクドピカチュウはねハートみたいな形になってるんで尻尾がですねこれメスですねはい,ファイター,これねぴかちゅーわしっぽのかたちでおすかめすかはんべつすることができるんですけどこのますくどぴかちゅーわねはーとみたいなかたちになってるんでしっぽがですねこれめすですねはい,MM2output_id2_delay1.5.mp4
9,69.572649,75.349719,ここで距離を詰められずにどうやって牽制できるかっていうのがピットの上手い戦い方になると思いますね,ファイター,ここできょりをつめられずにどーやってけんせーできるかってゆーのがぴっとのうまいたたかいかたになるとおもいますね,MF23output_id9_delay1.5.mp4
25,136.225552,142.831879,なかなかいやらしいですねこれは攻撃が結構ね吹っ飛ばし力高いですからあ吹っ飛ばされましたね,対戦風景,なかなかいやらしーですねこれわこーげきがけっこーねふっとばしりょくたかいですからあふっとばされましたね,FF3output_id25_delay1.75.mp4
29,159.36642,164.8742,ピカチュウおおサドンデスですねああ互角だったんですねそうですかじゃあこれは,対戦風景,ぴかちゅーおーさどんですですねあーごかくだったんですねそーですかじゃーこれわ,MM2output_id29_delay1.75.mp4
11,53.978355,59.185544,うまくゼロスーツサムス避けましたいいですね動きいいですよすごくええ追撃も狙っていきます,対戦風景,うまくぜろすーつさむすよけましたいーですねうごきいーですよすごくえーついげきもねらっていきます,MM1output_id11_delay-1.5.mp4
29,168.802192,174.620759,ガオガエンが当てて勝利ですねもうボクシングとプロレスのね対決見ているかのようでしたけれども,対戦風景,がおがえんがあててしょーりですねもーぼくしんぐとぷろれすのねたいけつみているかのよーでしたけれども,MM3output_id29_delay-1.5.mp4
29,150.544968,153.799764,使わない使わない方式最後の切り札を,対戦風景,つかわないつかわないほーしきさいごのきりふだを,FF4output_id29_delay-1.25.mp4
26,144.113704,148.029607,まだ居るこれね強いっすねフォックスも吹っ飛ばされました,対戦風景,まだいるこれねつよいっすねふぉっくすもふっとばされました,FF3output_id26_delay-1.25.mp4
24,132.920627,136.783185,ダメージほとんど二人ともないですからここでドンキーコング逆転していきたいところです,対戦風景,だめーじほとんどふたりともないですからここでどんきーこんぐぎゃくてんしていきたいところです,MF12output_id24_delay-1.0.mp4
9,36.566346,40.752126,またファイアバー好きだなファイヤーバーよく出るなぁこの二人戦うとファイヤーバー,アイテム,またふぁいあばーすきだなふぁいやーばーよくでるなーこのふたりたたかうとふぁいやーばー,FF2output_id9_delay-1.0.mp4
16,120.703377,126.787576,いいですね結構やっぱり2 P は結構アイテムを活かした戦い方をされる方ですね,対戦風景,いーですねけっこーやっぱりにぴーわけっこーあいてむをいかしたたたかいかたをされるかたですね,MF22output_id16_delay-0.75.mp4
18,92.911875,101.668745,追撃をですねどんどんどんどん当てていきたいところですねクッパがスマッシュ攻撃を溜めてましたね上スマッシュを,対戦風景,ついげきをですねどんどんどんどんあてていきたいところですねくっぱがすまっしゅこーげきをためてましたねうえすまっしゅを,MM1output_id18_delay-0.75.mp4
22,126.219596,132.363936,そしてガオガエンがですねさあここから取り返していきたいところですけれどもさあ,対戦風景,そしてがおがえんがですねさーここからとりかえしていきたいところですけれどもさー,MM3output_id22_delay-0.5.mp4
3,14.374469,19.130857,いいですね必殺技を生かしつつソニックはなかなか翻弄した戦いができていますね,対戦風景,いーですねひっさつわざをいかしつつそにっくわなかなかほんろーしたたたかいができていますね,MF21output_id3_delay-0.5.mp4
5,24.515219,26.453922,カービィに関してはもう定番キャラクターですね,ファイター,かーびーにかんしてわもーてーばんきゃらくたーですね,MF13output_id5_delay0.0.mp4
25,136.225552,142.831879,なかなかいやらしいですねこれは攻撃が結構ね吹っ飛ばし力高いですからあ吹っ飛ばされましたね,対戦風景,なかなかいやらしーですねこれわこーげきがけっこーねふっとばしりょくたかいですからあふっとばされましたね,FF3output_id25_delay0.0.mp4
30,165.21887,170.130822,ピカチュウ慎重に動いて撃墜狙いたいところですおおっとリドリーの,対戦風景,ぴかちゅーしんちょーにうごいてげきついねらいたいところですおーっとりどりーの,MM2output_id30_delay0.5.mp4
5,23.441146,27.148383,めまぐるしく攻防が繰り広げられていますがさー,対戦風景,めまぐるしくこーぼーがくりひろげられていますがさー,MM1output_id5_delay0.5.mp4
6,18.238235,22.539706,一気に30%ダメージを稼いだおおサムスがいいですねサムスは,対戦風景,いっきにさんじゅっぱーせんとだめーじをかせいだおーさむすがいーですねさむすわ,MM4output_id6_delay0.75.mp4
18,125.192126,132.274045,あのまま通常のステージでしたら下に落ちてそのまま一機落とせていたと思うんですけど,対戦風景,あのままつーじょーのすてーじでしたらしたにおちてそのままいっきおとせていたとおもうんですけど,MF24output_id18_delay0.75.mp4
13,60.56885,65.08728,最後の切り札ネスが使ってカービィを撃墜しましたいいですね,対戦風景,さいごのきりふだねすがつかってかーびーをげきついしましたいーですね,MF13output_id13_delay1.0.mp4
17,87.828438,91.984241,さあそれを待ち待ち構えるゼロスーツサムス,対戦風景,さーそれをまちまちかまえるぜろすーつさむす,MM1output_id17_delay1.0.mp4
2,10.542914,23.224075,いいですねクラウドは結構剣士なので近距離っていう風な感じなんですけども結構剣自体が大きいので意外と中距離も戦えるということで,ファイター,いーですねくらうどわけっこーけんしなのできんきょりってゆーふーなかんじなんですけどもけっこーけんじたいがおーきーのでいがいとちゅーきょりもたたかえるとゆーことで,MF23output_id2_delay1.25.mp4
19,140.229467,142.614638,結構ま不利なあーやられてしまいましたね,対戦風景,けっこーまふりなあーやられてしまいましたね,MF23output_id19_delay1.25.mp4
23,154.328093,155.855051,おっとも時間がないですよ,対戦風景,おっともじかんがないですよ,MF21output_id23_delay1.5.mp4
45,169.330579,172.127842,カウンターのキノピオではい野菜ヒット,対戦風景,かうんたーのきのぴおではいやさいひっと,FF1output_id45_delay1.5.mp4
30,163.848104,167.413543,上上上スマッシュ上スマッシュドンキー決めろ上スマッシュ,対戦風景,うえうえうえすまっしゅうえすまっしゅどんきーきめろうえすまっしゅ,MF12output_id30_delay1.75.mp4
2,6.422896,17.250063,これねピカチュウは尻尾の形でオスかメスか判別することができるんですけどこのマスクドピカチュウはねハートみたいな形になってるんで尻尾がですねこれメスですねはい,ファイター,これねぴかちゅーわしっぽのかたちでおすかめすかはんべつすることができるんですけどこのますくどぴかちゅーわねはーとみたいなかたちになってるんでしっぽがですねこれめすですねはい,MM2output_id2_delay1.75.mp4
31,160.522552,162.739792,これ圧勝じゃないすかね Wii Fit トレーナーの,対戦結果,これあっしょーじゃないすかねうぃーふぃっととれーなーの,FF4output_id31_delay-1.5.mp4
9,50.218158,53.891188,と言っていたら上から踏んづけてパンチ食らってましたけどね,対戦風景,とゆっていたらうえからふんづけてぱんちくらってましたけどね,MM3output_id9_delay-1.5.mp4
25,144.443712,153.940927,そうそうそうそうそうそうおっサムスもうまく前後に移動して間合いを調節して攻撃していますねクッパはですね相手の攻撃をうまく,対戦風景,そーそーそーそーそーそーおっさむすもうまくぜんごにいどーしてまーいをちょーせつしてこーげきしていますねくっぱわですねあいてのこーげきをうまく,MM1output_id25_delay-1.25.mp4
33,177.434586,182.431602,やれると良かったなとドンキーコング思ってますけどいい試合でしたドンキーコングとリンク,対戦結果,やれるとよかったなとどんきーこんぐおもってますけどいーしあいでしたどんきーこんぐとりんく,MF12output_id33_delay-1.25.mp4
24,114.696427,120.501811,ドンキーコングがしかしそれで撃墜になっているそこの着地を狙ってサムスがビームを当てていきました,対戦風景,どんきーこんぐがしかしそれでげきついになっているそこのちゃくちをねらってさむすがびーむをあてていきました,MM4output_id24_delay-1.0.mp4
13,54.185909,58.853538,マリオのキャラクターがファイアバー持ってるとねなんか地獄のステージ思い出しますねはい,アイテム,まりおのきゃらくたーがふぁいあばーもってるとねなんかじごくのすてーじおもいだしますねはい,FF1output_id13_delay-1.0.mp4
18,74.249187,77.07235,もう残り時間1分半きたとこでスマッシュボールでました,アイテム,もーのこりじかんいっぷんはんきたとこですまっしゅぼーるでました,FF1output_id18_delay-0.75.mp4
2,7.29523,23.421529,さてどうなんですかねマリオはまあそうですね初期の一番最初の64の64の時代からいるキャラクターで結構やっぱりそうですね任天堂の看板キャラクターだけもあって結構オールラウンダーな戦い方で,ファイター,さてどーなんですかねまりおわまーそーですねしょきのいちばんさいしょのろくじゅーよんのろくよんのじだいからいるきゃらくたーでけっこーやっぱりそーですねにんてんどーのかんばんきゃらくたーだけもあってけっこーおーるらうんだーなたたかいかたで,MF24output_id2_delay-0.75.mp4
16,78.52728,82.890696,ねマントで飛び道具相手の飛び道具跳ね返したりもできますしはい,ファイター,ねまんとでとびどーぐあいてのとびどーぐはねかえしたりもできますしはい,FF4output_id16_delay-0.5.mp4
24,170.614963,180.169067,結構そうですねサドンデスはも一撃食らったらしもう負けてしまうっていうのがサドンデスの特徴なので,対戦結果,けっこーそーですねさどんですわもいちげきくらったらしもーまけてしまうってゆーのがさどんですのとくちょーなので,MF22output_id24_delay-0.5.mp4
32,128.822075,131.064325,おーっと,対戦風景,おーっと,FF1output_id32_delay0.0.mp4
7,64.078573,69.112709,さてマリオが結構アイテムにまた翻弄されてしまっていますね,アイテム,さてまりおがけっこーあいてむにまたほんろーされてしまっていますね,MF24output_id7_delay0.0.mp4
33,177.434586,182.431602,やれると良かったなとドンキーコング思ってますけどいい試合でしたドンキーコングとリンク,対戦結果,やれるとよかったなとどんきーこんぐおもってますけどいーしあいでしたどんきーこんぐとりんく,MF12output_id33_delay0.5.mp4
27,148.532925,154.070159,できるになればいいですねさあジェネシスのパーツ三つあジェネシスを集めたドンキーコング,アイテム,できるになればいーですねさーじぇねしすのぱーつみっつあじぇねしすをあつめたどんきーこんぐ,MF12output_id27_delay0.5.mp4
6,52.644131,56.60909,そこでうまくクラウドがあー吹っ飛ばされてしまいましたね,対戦風景,そこでうまくくらうどがあーふっとばされてしまいましたね,MF23output_id6_delay0.75.mp4
6,55.311498,62.628059,結構ふわふわしたキャラクターだったりもするのでうまく空中に飛ばしてそこでお手玉できたりすると結構強力だったりしますね,ファイター,けっこーふわふわしたきゃらくたーだったりもするのでうまくくーちゅーにとばしてそこでおてだまできたりするとけっこーきょーりょくだったりしますね,MF24output_id6_delay0.75.mp4
4,20.481465,24.327602,ネスはやっぱジャンプがふわふわしているそこがまあちょっと慣れるまでが大変ですけど,ファイター,ねすわやっぱじゃんぷがふわふわしているそこがまーちょっとなれるまでがたいへんですけど,MF13output_id4_delay1.0.mp4
13,89.967679,96.093064,ソニック最初は優勢だったんですけどねアイテムの影響とかでちょっと今不利ですね,対戦風景,そにっくさいしょわゆーせーだったんですけどねあいてむのえーきょーとかでちょっといまふりですね,MF21output_id13_delay1.0.mp4
15,62.16259,67.528684,攻撃を加えないといつまでたってもただこれで逃げ切るというのもおっと,対戦風景,こーげきをくわえないといつまでたってもただこれでにげきるとゆーのもおっと,MM4output_id15_delay1.25.mp4
23,124.055262,130.196751,さぁさぁさぁさぁアシストフィギュアをリンクが出していきましたこれあれだカラスドリわーあのピクミンのやつ,アイテム,さーさーさーさーあしすとふぃぎゅあをりんくがだしていきましたこれあれだからすどりわーあのぴくみんのやつ,FF3output_id23_delay1.25.mp4
31,160.522552,162.739792,これ圧勝じゃないすかね Wii Fit トレーナーの,対戦結果,これあっしょーじゃないすかねうぃーふぃっととれーなーの,FF4output_id31_delay1.5.mp4
19,85.847987,90.965696,すごいですねはいはいはいだいたいねあの試合時間1分半きったところでだいたいスマッシュボール出てきますねはい,アイテム,すごいですねはいはいはいだいたいねあのしあいじかんいっぷんはんきったところでだいたいすまっしゅぼーるでてきますねはい,FF2output_id19_delay1.5.mp4
30,121.902921,124.988789,突進力ありますからただま避けられやすいんでね注意して下さい,ファイター,とっしんりょくありますからただまよけられやすいんでねちゅーいしてください,FF1output_id30_delay1.75.mp4
29,159.36642,164.8742,ピカチュウおおサドンデスですねああ互角だったんですねそうですかじゃあこれは,対戦風景,ぴかちゅーおーさどんですですねあーごかくだったんですねそーですかじゃーこれわ,MM2output_id29_delay1.75.mp4
13,66.176111,71.832918,結構ねこのステージはあのスクロールしていくのでもたもたしてると撃墜になっちゃうんですよね,対戦風景,けっこーねこのすてーじわあのすくろーるしていくのでもたもたしてるとげきついになっちゃうんですよね,FF4output_id13_delay-1.5.mp4
28,163.971985,168.371778,これはリトルああ横 B ですね横必殺,対戦風景,これわりとるあーよこびーですねよこひっさつ,MM3output_id28_delay-1.5.mp4
21,141.234865,145.605124,このアシストフィギュアは結構積極的に攻撃をしてくるので,アシストフィギュア,このあしすとふぃぎゅあわけっこーせっきょくてきにこーげきをしてくるので,MF21output_id21_delay-1.25.mp4
20,141.467742,148.485668,なのでその特性をうまく活かされてちゃんと地上に降りられるところまで時間を稼がれてしまったというのが非常に痛かったですね,対戦風景,なのでそのとくせーをうまくいかされてちゃんとちじょーにおりられるところまでじかんをかせがれてしまったとゆーのがひじょーにいたかったですね,MF24output_id20_delay-1.25.mp4
28,137.325188,138.857342,ステッキでましたね,アイテム,すてっきでましたね,FF2output_id28_delay-1.0.mp4
26,144.113704,148.029607,まだ居るこれね強いっすねフォックスも吹っ飛ばされました,対戦風景,まだいるこれねつよいっすねふぉっくすもふっとばされました,FF3output_id26_delay-1.0.mp4
11,67.162131,71.548032,これはリドリーは上手ですね立ち振る舞いがおっと真っ暗になった,対戦風景,これわりどりーわじょーずですねたちふるまいがおっとまっくらになった,MM2output_id11_delay-0.75.mp4
8,50.775246,55.402131,プレイヤー1が今アシストフィギュア2体出してますからねアシストフィギュアとポケモンのロコンですね,アイテム,ぷれーやーわんがいまあしすとふぃぎゅあにたいだしてますからねあしすとふぃぎゅあとぽけもんのろこんですね,MM2output_id8_delay-0.75.mp4
11,48.822021,53.202762,はい早くもねリンクが一度撃墜されてこれはいちいちかなでもはい,対戦風景,はいはやくもねりんくがいちどげきついされてこれわいちいちかなでもはい,FF3output_id11_delay-0.5.mp4
16,77.485602,83.661311,なんか何やってんのかよくわからないですけれどもなんか下の方でね頑張ってます,対戦風景,なんかなにやってんのかよくわからないですけれどもなんかしたのほーでねがんばってます,MF13output_id16_delay-0.5.mp4
18,74.249187,77.07235,もう残り時間1分半きたとこでスマッシュボールでました,アイテム,もーのこりじかんいっぷんはんきたとこですまっしゅぼーるでました,FF1output_id18_delay0.0.mp4
32,173.599038,177.434586,やっぱりしたからですね突き上げるような感じでさっきのステージ,対戦風景,やっぱりしたからですねつきあげるよーなかんじでさっきのすてーじ,MF12output_id32_delay0.0.mp4
29,153.217235,159.134878,運が良かったですねハートの器を取ったのがですねやっぱり勝敗を分けましたね,アイテム,うんがよかったですねはーとのうつわをとったのがですねやっぱりしょーはいをわけましたね,MM4output_id29_delay0.5.mp4
17,112.833595,121.435684,さあさあさあマリオマリオがですねマリオが今 2P ややこしいな,対戦風景,さーさーさーまりおまりおがですねまりおがいまにぴーややこしーな,MF11output_id17_delay0.5.mp4
35,140.22573,142.763986,降りてくるところを狙ってますねはい,対戦風景,おりてくるところをねらってますねはい,FF1output_id35_delay0.75.mp4
22,123.078048,126.789635,スクロールに追いつけないリンクがここで撃墜されてしまいました,対戦風景,すくろーるにおいつけないりんくがここでげきついされてしまいました,MF12output_id22_delay0.75.mp4
19,106.396596,110.64551,さあリトルマックモンスターボールをおわあルギアルギアは強い,アイテム,さーりとるまっくもんすたーぼーるをおわーるぎあるぎあわつよい,MM3output_id19_delay1.0.mp4
20,111.697419,115.249875,これうまくですね避けて行ってるんですけどもさあ,対戦風景,これうまくですねよけていってるんですけどもさー,MM2output_id20_delay1.0.mp4
3,14.642924,20.214603,さドンキーコングはねこの下 B のハンドクラップこれで相手を牽制しつつ,ファイター,さどんきーこんぐわねこのしたびーのはんどくらっぷこれであいてをけんせーしつつ,MF12output_id3_delay1.25.mp4
28,152.354004,156.072704,今回ですあー残りこれフォックス勝利かな,対戦結果,こんかいですあーのこりこれふぉっくすしょーりかな,FF3output_id28_delay1.25.mp4
19,77.07235,79.721979,これを取るとね最後の切り札といういわゆる超必殺技,アイテム,これをとるとねさいごのきりふだとゆーいわゆるちょーひっさつわざ,FF1output_id19_delay1.5.mp4
10,67.238818,71.416014,これでもしソニックがあー入っちゃいましたね,対戦風景,これでもしそにっくがあーはいっちゃいましたね,MF21output_id10_delay1.5.mp4
28,152.354004,156.072704,今回ですあー残りこれフォックス勝利かな,対戦結果,こんかいですあーのこりこれふぉっくすしょーりかな,FF3output_id28_delay1.75.mp4
16,115.571807,119.880686,ここでうまく結構時間ももう30秒近いので,対戦風景,ここでうまくけっこーじかんももーさんじゅーびょーちかいので,MF24output_id16_delay1.75.mp4
9,32.605147,39.888971,さあ早くも30秒でドンキーコングが撃墜になってしまいましたサムスはまだダメージが40%,対戦風景,さーはやくもさんじゅーびょーでどんきーこんぐがげきついになってしまいましたさむすわまだだめーじがよんじゅっぱーせんと,MM4output_id9_delay-1.5.mp4
8,29.679552,36.408392,さゲッコウガ回復回復してますね回復出しましたはい,対戦風景,さげっこーがかいふくかいふくしてますねかいふくだしましたはい,FF2output_id8_delay-1.5.mp4
17,129.573638,132.965537,ただこれでイーブンかな,対戦風景,ただこれでいーぶんかな,MF23output_id17_delay-1.25.mp4
23,110.757329,118.023212,までも相手にとられるより良かったですねスマッシュボールうまくあーめメトロイドも出ましたアシストフィギュア,アイテム,までもあいてにとられるよりよかったですねすまっしゅぼーるうまくあーめめとろいどもでましたあしすとふぃぎゅあ,FF2output_id23_delay-1.25.mp4
10,67.238818,71.416014,これでもしソニックがあー入っちゃいましたね,対戦風景,これでもしそにっくがあーはいっちゃいましたね,MF21output_id10_delay-1.0.mp4
18,125.192126,132.274045,あのまま通常のステージでしたら下に落ちてそのまま一機落とせていたと思うんですけど,対戦風景,あのままつーじょーのすてーじでしたらしたにおちてそのままいっきおとせていたとおもうんですけど,MF24output_id18_delay-1.0.mp4
15,75.416359,82.022686,リンクがここは取りましたさあトライフォースラッシュ当てたいところです最後の切り札,アイテム,りんくがここわとりましたさーとらいふぉーすらっしゅあてたいところですさいごのきりふだ,FF3output_id15_delay-0.75.mp4
8,57.2093,61.22086,おっとここで村人がスマッシュボールを取りましたね当てていきたいですよ,対戦風景,おっとここでむらびとがすまっしゅぼーるをとりましたねあてていきたいですよ,MF22output_id8_delay-0.75.mp4
9,38.215275,41.722685,これの爆弾爆弾ちなみに投げることもできますね点滅しだしたら,アイテム,これのばくだんばくだんちなみになげることもできますねてんめつしだしたら,FF3output_id9_delay-0.5.mp4
14,80.797543,83.781543,ボンバー気をつけてくださいこれ使う時に危ないです危なあ,アイテム,ぼんばーきをつけてくださいこれつかうときにあぶないですあぶなあ,MM2output_id14_delay-0.5.mp4
16,115.571807,119.880686,ここでうまく結構時間ももう30秒近いので,対戦風景,ここでうまくけっこーじかんももーさんじゅーびょーちかいので,MF24output_id16_delay0.0.mp4
13,102.453191,105.759509,さてここでマリオがスマッシュボールを取りました,アイテム,さてここでまりおがすまっしゅぼーるをとりました,MF24output_id13_delay0.0.mp4
25,141.423177,146.509192,さ爆弾に送られたくないところですがどうなっていくのでしょうか,アイテム,さばくだんにおくられたくないところですがどーなっていくのでしょーか,MF14output_id25_delay0.5.mp4
5,38.666979,44.684319,Wii Fit トレーナが今一瞬ちょっとボタンを押し間違えたんですかねす止まっちゃいましたね,対戦風景,うぃーふぃっととれーながいまいっしゅんちょっとぼたんをおしまちがえたんですかねすとまっちゃいましたね,MF22output_id5_delay0.5.mp4
13,79.455317,87.07432,まだ一回も撃墜されていないのにえー今2回ルイージを撃墜していますさあこのマリオが,対戦風景,まだいっかいもげきついされていないのにえーいまにかいるいーじをげきついしていますさーこのまりおが,MF11output_id13_delay0.75.mp4
4,31.399354,42.192882,結構そうですねも良くも悪くもプレイヤーの腕が出てしまうキャラクターなので結構難しいキャラクターであったりするんですけどうまく使いこなせるととても非常に強力なキャラクターとなっております,ファイター,けっこーそーですねもよくもわるくもぷれーやーのうでがでてしまうきゃらくたーなのでけっこーむずかしーきゃらくたーであったりするんですけどうまくつかいこなせるととてもひじょーにきょーりょくなきゃらくたーとなっております,MF24output_id4_delay0.75.mp4
14,70.521506,77.401826,クッパの隙を狙ってきたいとこですシールドでうまく突進を解消したさっさあキラーを当てたクッパが先制しました,対戦風景,くっぱのすきをねらってきたいとこですしーるどでうまくとっしんをかいしょーしたさっさーきらーをあてたくっぱがせんせーしました,MM1output_id14_delay1.0.mp4
33,177.434586,182.431602,やれると良かったなとドンキーコング思ってますけどいい試合でしたドンキーコングとリンク,対戦結果,やれるとよかったなとどんきーこんぐおもってますけどいーしあいでしたどんきーこんぐとりんく,MF12output_id33_delay1.0.mp4
25,144.443712,153.940927,そうそうそうそうそうそうおっサムスもうまく前後に移動して間合いを調節して攻撃していますねクッパはですね相手の攻撃をうまく,対戦風景,そーそーそーそーそーそーおっさむすもうまくぜんごにいどーしてまーいをちょーせつしてこーげきしていますねくっぱわですねあいてのこーげきをうまく,MM1output_id25_delay1.25.mp4
21,141.234865,145.605124,このアシストフィギュアは結構積極的に攻撃をしてくるので,アシストフィギュア,このあしすとふぃぎゅあわけっこーせっきょくてきにこーげきをしてくるので,MF21output_id21_delay1.25.mp4
15,84.309481,86.811451,うまく当てましたね,対戦風景,うまくあてましたね,MM2output_id15_delay1.5.mp4
9,36.566346,40.752126,またファイアバー好きだなファイヤーバーよく出るなぁこの二人戦うとファイヤーバー,アイテム,またふぁいあばーすきだなふぁいやーばーよくでるなーこのふたりたたかうとふぁいやーばー,FF2output_id9_delay1.5.mp4
6,18.238235,22.539706,一気に30%ダメージを稼いだおおサムスがいいですねサムスは,対戦風景,いっきにさんじゅっぱーせんとだめーじをかせいだおーさむすがいーですねさむすわ,MM4output_id6_delay1.75.mp4
21,106.300365,111.725608,カービィは残り1分ですからここでもう1回自分が撃墜されてもいいので,対戦風景,かーびーわのこりいっぷんですからここでもーいっかいじぶんがげきついされてもいーので,MF13output_id21_delay1.75.mp4
22,103.349287,110.473012,逆に使わない逆に使わないことによって牽制をするというこれねあんまり持ってるとね殴られたらあのおっと外したな,対戦風景,ぎゃくにつかわないぎゃくにつかわないことによってけんせーをするとゆーこれねあんまりもってるとねなぐられたらあのおっとはずしたな,FF2output_id22_delay-1.5.mp4
21,142.000946,147.222965,おっとマリオがついにルイージを撃墜しましたねさあ,対戦風景,おっとまりおがついにるいーじをげきついしましたねさー,MF11output_id21_delay-1.5.mp4
22,154.117074,159.620493,あのアイテムは非常に火力があるのでうまくかわすかガードしたかったですね,アイテム,あのあいてむわひじょーにかりょくがあるのでうまくかわすかがーどしたかったですね,MF24output_id22_delay-1.25.mp4
24,156.831481,162.680142,マリオが最後にギリギリ撃墜されてない,対戦風景,まりおがさいごにぎりぎりげきついされてない,MF11output_id24_delay-1.25.mp4
6,18.238235,22.539706,一気に30%ダメージを稼いだおおサムスがいいですねサムスは,対戦風景,いっきにさんじゅっぱーせんとだめーじをかせいだおーさむすがいーですねさむすわ,MM4output_id6_delay-1.0.mp4
18,92.38997,96.883399,おっとととまたリンクが取ったで取ったであー外したー,対戦風景,おっとととまたりんくがとったでとったであーはずしたー,FF3output_id18_delay-1.0.mp4
14,106.612752,109.172482,デイジーも相当パーセンテージが溜まってるんで当てられれば,対戦風景,でいじーもそーとーぱーせんてーじがたまってるんであてられれば,MF24output_id14_delay-0.75.mp4
37,146.08666,148.180907,これはピーチもでもあと残り10秒が,対戦風景,これわぴーちもでもあとのこりじゅーびょーが,FF1output_id37_delay-0.75.mp4
13,65.153839,71.777472,ええガオガエンがね今リトルマック2回目ですかねっということは今ガオガエンが有利ですかね,対戦風景,えーがおがえんがねいまりとるまっくにかいめですかねっとゆーことわいまがおがえんがゆーりですかね,MM3output_id13_delay-0.5.mp4
7,45.957881,50.52452,ええそんなところでですねピカチュウが撃墜されてしまいました,対戦風景,ええそんなところでですねぴかちゅーがげきついされてしまいました,MM2output_id7_delay-0.5.mp4
16,82.797415,86.361169,とにかくねかっこいいですからリンクの最後の切り札は,アイテム,とにかくねかっこいーですからりんくのさいごのきりふだわ,FF3output_id16_delay0.0.mp4
23,161.988244,171.715217,いいですね今回デイジーが途中でもう140とか130とかいったあたりからもういつ飛ばされてもおかしくない状態だったんですけど,対戦風景,いーですねこんかいでいじーがとちゅーでもーひゃくよんじゅーとかひゃくさんじゅーとかいったあたりからもーいつとばされてもおかしくないじょーたいだったんですけど,MF24output_id23_delay0.0.mp4
6,38.233459,45.957881,もうあれですね圧倒しているような状況ではあるんですけれどもピカチュウもですねスピードを活かして逆転して行きたい所,対戦風景,もーあれですねあっとーしているよーなじょーきょーでわあるんですけれどもぴかちゅーもですねすぴーどをいかしてぎゃくてんしていきたいところ,MM2output_id6_delay0.5.mp4
25,162.756099,167.541367,ということでマリオが勝ちましたねマリオ安定した戦いをしてました,対戦結果,とゆーことでまりおがかちましたねまりおあんてーしたたたかいをしてました,MF11output_id25_delay0.5.mp4
20,111.697419,115.249875,これうまくですね避けて行ってるんですけどもさあ,対戦風景,これうまくですねよけていってるんですけどもさー,MM2output_id20_delay0.75.mp4
12,94.911219,104.622272,リミットが溜まってきているのでここでどうやってリミットでいかして吹っ飛ばすかっていうあー中断させられてしまいましたねこれ結構クラウドきついですね,対戦風景,りみっとがたまってきているのでここでどーやってりみっとでいかしてふっとばすかってゆーあーちゅーだんさせられてしまいましたねこれけっこーくらうどきついですね,MF23output_id12_delay0.75.mp4
25,124.941596,129.696011,これはどうですかねゲッコウガがおしてますかねこの試合は,対戦風景,これわどーですかねげっこーががおしてますかねこのしあいわ,FF2output_id25_delay1.0.mp4
11,47.843202,51.983842,そこで撃墜し返したところですね今ねいちいちですね試合は,対戦風景,そこでげきついしかえしたところですねいまねいちいちですねしあいわ,FF1output_id11_delay1.0.mp4
14,58.462421,61.897485,銃で牽制をしていてサムスも逃げ回っているただ,対戦風景,じゅーでけんせーをしていてさむすもにげまわっているただ,MM4output_id14_delay1.25.mp4
27,159.54031,163.015508,これでサドンデスですねさあ,対戦風景,これでさどんですですねさー,MM3output_id27_delay1.25.mp4
29,150.544968,153.799764,使わない使わない方式最後の切り札を,対戦風景,つかわないつかわないほーしきさいごのきりふだを,FF4output_id29_delay1.5.mp4
18,106.80632,111.026913,空中で無敵時間を使って相手の技をすり抜けることはできるんですがその後,ファイター,くーちゅーでむてきじかんをつかってあいてのわざをすりぬけることわできるんですがそのあと,MF14output_id18_delay1.5.mp4
13,66.176111,71.832918,結構ねこのステージはあのスクロールしていくのでもたもたしてると撃墜になっちゃうんですよね,対戦風景,けっこーねこのすてーじわあのすくろーるしていくのでもたもたしてるとげきついになっちゃうんですよね,FF4output_id13_delay1.75.mp4
13,70.804788,78.180841,ゲームも出ましたけど初期のパックマン自ら自ら突進して画面外に消えて撃墜になっちゃいましたね,対戦風景,げーむもでましたけどしょきのぱっくまんみずからみずからとっしんしてがめんがいにきえてげきついになっちゃいましたね,MF14output_id13_delay1.75.mp4
22,123.078048,126.789635,スクロールに追いつけないリンクがここで撃墜されてしまいました,対戦風景,すくろーるにおいつけないりんくがここでげきついされてしまいました,MF12output_id22_delay-1.5.mp4
27,156.753691,159.268633,このまま行けばサドンデスになると思いますさあ,対戦風景,このままいけばさどんですになるとおもいますさー,MM1output_id27_delay-1.5.mp4
26,132.281157,134.484185,アイテムの使い方上手いですねプレイヤーワンは,対戦風景,あいてむのつかいかたうまいですねぷれーやーわんわ,FF4output_id26_delay-1.25.mp4
27,150.090706,154.084959,何とかメタナイトに攻撃をして吹っ飛ばしていきたいところですパックマン,対戦風景,なんとかめたないとにこーげきをしてふっとばしていきたいところですぱっくまん,MF14output_id27_delay-1.25.mp4
6,26.672808,33.677156,昔はあの復帰能力が高いので凶悪って言われてましたけども今はあの体重の軽さによって吹き飛びやすいので,ファイター,むかしわあのふっきのーりょくがたかいのできょーあくってゆわれてましたけどもいまわあのたいじゅーのかるさによってふきとびやすいので,MF13output_id6_delay-1.0.mp4
40,155.729076,158.874146,これはサドンデスになるんじゃないでしょうか,対戦風景,これわさどんですになるんじゃないでしょーか,FF1output_id40_delay-1.0.mp4
3,23.409472,34.113063,空中戦も結構戦えるんですよ攻撃自体の範囲も広いのでうまくそこで空中戦に持ち込んで相手を空中の上 A 攻撃でお手玉できたりだとか,ファイター,くーちゅーせんもけっこーたたかえるんですよこーげきじたいのはんいもひろいのでうまくそこでくーちゅーせんにもちこんであいてをくーちゅーのうええーこーげきでおてだまできたりだとか,MF23output_id3_delay-0.75.mp4
26,132.281157,134.484185,アイテムの使い方上手いですねプレイヤーワンは,対戦風景,あいてむのつかいかたうまいですねぷれーやーわんわ,FF4output_id26_delay-0.75.mp4
5,30.275732,36.423236,マリオとルイージはあの技の構成は似ていますけれどもほぼほぼ別キャラと言うか,ファイター,まりおとるいーじわあのわざのこーせーわにていますけれどもほぼほぼべつきゃらとゆーか,MF11output_id5_delay-0.5.mp4
20,111.103571,116.142246,ルギアを出したこれは真ん中の方にいたら駄目ですよと言ったらそこでアッパーカット炸裂,アイテム,るぎあをだしたこれわまんなかのほーにいたらだめですよとゆったらそこであっぱーかっとさくれつ,MM3output_id20_delay-0.5.mp4
18,125.192126,132.274045,あのまま通常のステージでしたら下に落ちてそのまま一機落とせていたと思うんですけど,対戦風景,あのままつーじょーのすてーじでしたらしたにおちてそのままいっきおとせていたとおもうんですけど,MF24output_id18_delay0.0.mp4
18,78.928206,87.484704,それで今サムスがね1ポイント今先制先制というかですねアドバンテージがありますんで,対戦風景,それでいまさむすがねいっぽいんといませんせーせんせーとゆーかですねあどばんてーじがありますんで,MM4output_id18_delay0.0.mp4
21,81.838426,85.294304,画面にいる敵を眠らせることができまして,対戦風景,がめんにいるてきをねむらせることができまして,FF1output_id21_delay0.5.mp4
26,147.827296,150.010821,さあ残り時間10秒切りました,対戦風景,さーのこりじかんじゅーびょーきりました,MF14output_id26_delay0.5.mp4
17,92.917174,95.488005,ああっとリドリーが戻ってこれない,対戦風景,あーっとりどりーがもどってこれない,MM2output_id17_delay0.75.mp4
22,126.219596,132.363936,そしてガオガエンがですねさあここから取り返していきたいところですけれどもさあ,対戦風景,そしてがおがえんがですねさーここからとりかえしていきたいところですけれどもさー,MM3output_id22_delay0.75.mp4
5,23.441146,27.148383,めまぐるしく攻防が繰り広げられていますがさー,対戦風景,めまぐるしくこーぼーがくりひろげられていますがさー,MM1output_id5_delay1.0.mp4
33,169.683462,174.123719,上 B が炸裂でカービィの勝利ですねいい試合でした,対戦結果,うえびーがさくれつでかーびーのしょーりですねいーしあいでした,MF13output_id33_delay1.0.mp4
20,101.359798,106.112748,車にひかれてしまったカートに引かれて撃墜されてしまいましたね,対戦風景,くるまにひかれてしまったかーとにひかれてげきついされてしまいましたね,MF13output_id20_delay1.25.mp4
18,96.199574,104.763298,惜しいですねリドリーが戻ってこれなくて連続で撃墜になってしまいますそしてただピカチュウをまたワンパンでここで撃墜したこれはいい戦いですね,対戦風景,おしーですねりどりーがもどってこれなくてれんぞくでげきついになってしまいますそしてただぴかちゅーをまたわんぱんでここでげきついしたこれわいーたたかいですね,MM2output_id18_delay1.25.mp4
13,66.176111,71.832918,結構ねこのステージはあのスクロールしていくのでもたもたしてると撃墜になっちゃうんですよね,対戦風景,けっこーねこのすてーじわあのすくろーるしていくのでもたもたしてるとげきついになっちゃうんですよね,FF4output_id13_delay1.5.mp4
10,59.299225,66.756979,大体昔は同じだったんですけどもねはいルイージの方が一発が強いというか癖の強いキャラクターになってますね,ファイター,だいたいむかしわおなじだったんですけどもねはいるいーじのほーがいっぱつがつよいとゆーかくせのつよいきゃらくたーになってますね,MF11output_id10_delay1.5.mp4
26,147.827296,150.010821,さあ残り時間10秒切りました,対戦風景,さーのこりじかんじゅーびょーきりました,MF14output_id26_delay1.75.mp4
15,62.805966,65.309171,それを分かってるのか分かってないのかデイジーはね,ファイター,それをわかってるのかわかってないのかでいじーわね,FF1output_id15_delay1.75.mp4
15,104.342149,109.080985,ここでうまくスマッシュボールを取って自分の戦いを有利に運んでいきたいですね,アイテム,ここでうまくすまっしゅぼーるをとってじぶんのたたかいをゆーりにはこんでいきたいですね,MF21output_id15_delay-1.5.mp4
11,86.439215,94.694385,ちゃんと後にどうやって追撃していくかっていうのも考えられた戦いをちゃんとされているので結構クラウドは今辛い状態ですね,対戦風景,ちゃんとあとにどーやってついげきしていくかってゆーのもかんがえられたたたかいをちゃんとされているのでけっこーくらうどわいまつらいじょーたいですね,MF23output_id11_delay-1.5.mp4
12,74.134109,79.253756,さあさあさあさあこれはえーとおマリオ強いですねマリオ,対戦風景,さーさーさーさーこれわえーとおまりおつよいですねまりお,MF11output_id12_delay-1.25.mp4
2,10.542914,23.224075,いいですねクラウドは結構剣士なので近距離っていう風な感じなんですけども結構剣自体が大きいので意外と中距離も戦えるということで,ファイター,いーですねくらうどわけっこーけんしなのできんきょりってゆーふーなかんじなんですけどもけっこーけんじたいがおーきーのでいがいとちゅーきょりもたたかえるとゆーことで,MF23output_id2_delay-1.25.mp4
3,16.729135,20.246944,まあカービィもネスもですね初期の64版からいるキャラクターですね,ファイター,まーかーびーもねすもですねしょきのろくよんばんからいるきゃらくたーですね,MF13output_id3_delay-1.0.mp4
9,44.981049,48.90536,異常にあの A 攻撃のスピードが速いので,ファイター,いじょーにあのえーこーげきのすぴーどがはやいので,MF13output_id9_delay-1.0.mp4
29,116.263995,121.710516,ピーチのね必殺技横と B のねヒップアタックこれ強いですね,ファイター,ぴーちのねひっさつわざよことびーのねひっぷあたっくこれつよいですね,FF1output_id29_delay-0.75.mp4
11,48.822021,53.202762,はい早くもねリンクが一度撃墜されてこれはいちいちかなでもはい,対戦風景,はいはやくもねりんくがいちどげきついされてこれわいちいちかなでもはい,FF3output_id11_delay-0.75.mp4
31,157.180003,160.781354,飛行機完成させて攻撃くわえたおっとこれはゲッコウガかな,対戦風景,ひこーきかんせーさせてこーげきくわえたおっとこれわげっこーがかな,FF2output_id31_delay-0.5.mp4
31,168.304902,172.356537,リンクが決めた上 A ですねこれは,対戦風景,りんくがきめたうええーですねこれわ,MF12output_id31_delay-0.5.mp4
31,160.522552,162.739792,これ圧勝じゃないすかね Wii Fit トレーナーの,対戦結果,これあっしょーじゃないすかねうぃーふぃっととれーなーの,FF4output_id31_delay0.0.mp4
25,136.227235,138.499644,でもこれぎりぎり撃墜にならないですね,対戦風景,でもこれぎりぎりげきついにならないですね,MM2output_id25_delay0.0.mp4
19,132.679336,140.571836,あぁやってデイジーはですね先ほど出たピーチもそうなんですけど空中で上を押し続けると空中に浮遊できるという特性を持っているんですね,ファイター,あーやってでいじーわですねさきほどでたぴーちもそーなんですけどくーちゅーでうえをおしつづけるとくーちゅーにふゆーできるとゆーとくせーをもっているんですね,MF24output_id19_delay0.5.mp4
11,43.115074,46.728309,お互いうまく回避も使って行きますアイテムの使い方も上手い,対戦風景,おたがいうまくかいひもつかっていきますあいてむのつかいかたもうまい,MM4output_id11_delay0.5.mp4
5,31.893603,35.925849,プレイヤー1がですね今ちょっとプレイヤー2をかなり,対戦風景,ぷれーやーわんがですねいまちょっとぷれーやーつーをかなり,MM2output_id5_delay0.75.mp4
4,15.987592,19.579518,フォックスの使い方わかってますねプレイヤーワンもう,ファイター,ふぉっくすのつかいかたわかってますねぷれーやーわんもー,FF3output_id4_delay0.75.mp4
9,61.113433,65.746962,これを取れると有利ですよおっとこれはどうぶつ森の運転手ですね,アシストフィギュア,これをとれるとゆーりですよおっとこれわどーぶつもりのうんてんしゅですね,MF21output_id9_delay1.0.mp4
27,176.196944,179.900256,近づきすぎたのが結構まずかったですね,対戦結果,ちかづきすぎたのがけっこーまずかったですね,MF21output_id27_delay1.0.mp4
21,115.76943,120.993145,リンクはリンクの上スマッシュでドンキーコングが吹っ飛んでしまった,対戦風景,りんくわりんくのうえすまっしゅでどんきーこんぐがふっとんでしまった,MF12output_id21_delay1.25.mp4
6,27.908842,33.916467,おいい試合してますねゼロスーツサムスもスピード活かしクッパもねえ狙いすまして攻撃を当ててますね,対戦風景,おいーしあいしてますねぜろすーつさむすもすぴーどいかしくっぱもねーねらいすましてこーげきをあててますね,MM1output_id6_delay1.25.mp4
21,105.986955,109.227538,いいですね動き早いすね Wii Fit トレーナーいいですね機敏な動き,ファイター,いーですねうごきはやいすねうぃーふぃっととれーなーいーですねきびんなうごき,FF4output_id21_delay1.5.mp4
19,92.584018,98.269251,このステージでこれ出すとねめちゃくちゃあの移動の妨げになりますから相当イヤらしいですよ,アイテム,このすてーじでこれだすとねめちゃくちゃあのいどーのさまたげになりますからそーとーいやらしーですよ,FF4output_id19_delay1.5.mp4
10,39.960662,42.713603,どうにかドンキーコングは逆転したいところですね,対戦風景,どーにかどんきーこんぐわぎゃくてんしたいところですね,MM4output_id10_delay1.75.mp4
16,78.52728,82.890696,ねマントで飛び道具相手の飛び道具跳ね返したりもできますしはい,ファイター,ねまんとでとびどーぐあいてのとびどーぐはねかえしたりもできますしはい,FF4output_id16_delay1.75.mp4
